ID,REG,DATE,Target,VAL_CHL,VAL_DSW,VAL_GWD,VAL_K,VAL_SUS,VAL_NH4,VAL_NO3,VAL_DOC,VAL_DO,VAL_PO4,VAL_TMP
HAL_199,HAL,07-2022,1,630.307,82.47863618217009,3.8906,0.0061,28.0,0.005,0.0625,6.6334927273825,0.19,0.0625,10.16450691223145
HAL_103,HAL,07-2022,1,1085.725,145.5995974642816,2.82,0.00066,15.0,0.005,0.02,5.906591828620001,0.22,0.0625,9.679935455322266
HAL_097,HAL,07-2022,0,337.358,153.9897848313722,1.08,1e-07,0.0,0.005,0.02,34.43033128579066,7.52,0.0625,9.507853507995604
HAL_085,HAL,07-2022,1,220.218,268.6647167421796,3.82,0.0001,53.0,0.005,0.02,2.9602617548065,0.16,0.3041,10.7647876739502
HAL_191,HAL,07-2022,0,186.11,715.15115356744,2.92,5.75e-06,63.0,0.005,0.0625,7.775870024159334,0.88,0.0625,12.938551902771
HAL_073,HAL,07-2022,0,207.696,354.728204555396,1.74,0.0001,0.0,0.005,0.02,3.147089595176,0.13,0.2666,9.96655559539795
HAL_203,HAL,07-2022,0,622.829,435.0480134202555,1.99,0.003,12.0,0.005,5.525,5.668142539622667,0.15,0.1624,10.34190082550049
HAL_173,HAL,07-2022,0,82.352,73.712006430051,2.2,1e-07,57.0,0.005,0.0625,5.876789931,0.14,0.0625,11.89649772644043
HAL_181,HAL,07-2022,0,145.504,555.6664688921155,8.25,5.5e-06,39.0,0.005,107.526,6.342415802655999,2.88,0.0625,11.92691135406494
HAL_189,HAL,07-2022,1,259.835,569.0684399358801,4.39,5.5e-06,59.0,0.005,24.565,4.828389869962,4.01,0.0625,12.79690933227539
HAL_177,HAL,07-2022,0,199.782,1505.298456188087,13.41,5.5e-06,87.0,0.005,5.127,4.918582179433,2.98,0.0625,12.78197574615479
HAL_121,HAL,07-2022,0,228.221,1175.329525001532,5.99,5.005e-05,62.0,0.005,35.971,1.465373628685,2.18,0.0625,12.45979976654053
HAL_131,HAL,07-2022,0,82.79,1733.488171776952,16.22,0.00067,58.0,0.0125,0.02,3.784466488824,0.17,0.0625,12.5274133682251
HAL_091,HAL,07-2022,0,202.673,140.7152306069329,1.96,1.1e-05,55.0,0.005,0.02,4.1957102925805,5.3,0.0625,12.03699779510498
HAL_017,HAL,07-2022,1,110.6,896.4930039160456,14.63,5.75e-06,0.0,0.005,126.68,2.456382653405,7.73,0.0625,10.39301681518555
HAL_055,HAL,07-2022,0,210.375,317.8532495662178,4.37,5.005e-05,3.0,0.005,12.545,1.701627212779,0.17,0.0625,10.51858901977539
HAL_043,HAL,07-2022,1,132.782,1027.890124759141,8.280000000000001,1e-07,5.0,0.005,68.36,2.5843485483465,6.33,0.0625,11.14898300170898
HAL_041,HAL,07-2022,0,97.82,1400.063925962034,6.15,5.005e-05,3.0,0.005,58.982,1.941705160559,2.52,0.0625,10.18030452728271
HAL_021,HAL,07-2022,1,124.67,1892.839669849744,7.75,0.0001,0.0,0.005,67.532,2.349172565057,0.76,0.0625,10.3812255859375
HAL_029,HAL,07-2022,0,84.524,1205.743204394741,5.97,0.0001,0.0,0.005,102.447,1.966192599612,1.07,0.0625,10.32616138458252
HAL_003,HAL,07-2022,0,118.127,57.09690633685425,3.68,0.0001,41.0,0.005,2.871,3.2388583354975,0.1,0.0625,11.40334033966064
HAL_045,HAL,07-2022,0,118.101,1169.061270848854,10.89,0.0001,0.0,0.005,142.476,2.9142734617195,5.88,0.0625,10.74139785766602
HAL_001,HAL,07-2022,0,104.416,103.2389914367858,2.43,1e-07,36.0,0.005,192.024,3.7507027294925,2.63,0.1829,10.05376052856445
HAL_053,HAL,07-2022,0,1580.127,524.6044442994854,2.19,0.003,0.0,0.005,5.639,2.465947826124667,0.17,0.0625,9.391409873962402
HAL_063,HAL,07-2022,1,184.963,473.6310480396645,2.96,0.003,0.0,0.005,14.147,2.63086604895025,0.15,0.0625,10.0458402633667
HAL_005,HAL,07-2022,0,89.123,68.86297253334438,11.67,0.0001,35.0,0.005,0.0625,2.5761242478445,0.17,0.0625,11.8394193649292
HAL_019,HAL,07-2022,0,244.544,2209.0482607605,6.675,5.005e-05,0.0,0.005,85.739,3.31855922586,7.35,0.0625,10.67115688323975
HAL_059,HAL,07-2022,0,99.956,25.27460789945738,2.66,1e-07,8.0,0.005,30.158,2.820861140349,0.46,0.0625,11.1296558380127
HAL_067,HAL,07-2022,0,62.857,76.55824624505546,5.48,5.5e-06,1.0,0.005,25.412,2.590580726293,3.96,0.0625,11.17216300964355
HAL_057,HAL,07-2022,0,203.569,862.2069129696265,9.17,5.5e-06,0.0,0.005,81.118,4.9433733931935,2.58,0.0625,11.19919300079346
HAL_047,HAL,07-2022,0,161.564,1226.916557189977,8.82,5.5e-06,0.0,0.005,103.038,7.920413491121,6.79,0.0625,10.73359870910645
HAL_095,HAL,07-2022,0,244.863,5.354708555620362,1.58,0.0001,0.0,0.005,3.294,3.593851590434333,0.1,0.0625,10.42836952209473
HAL_157,HAL,07-2022,0,633.74,833.2226505812577,3.7,1e-07,25.0,0.005,42.962,14.5342188062105,0.5,0.0625,11.11418914794922
HAL_161,HAL,07-2022,0,227.466,361.7855581833633,5.39,1.1e-05,13.0,0.005,0.02,30.677647532054,0.29,0.2897,13.25023555755615
HAL_025,HAL,07-2022,0,130.82,357.5814586352928,9.12,0.0001,0.0,0.005,0.0625,2.070062232053667,0.06,0.0625,11.17216300964355
HAL_033,HAL,07-2022,0,118.016,58.242760931874,1.73,5.005e-05,49.0,0.005,23.89,2.444513056413,0.14,0.0625,11.96490097045898
HAL_023,HAL,07-2022,0,94.59,191.0390827235926,2.61,0.0001,7.0,0.005,0.0625,2.209713327410333,0.14,0.0625,10.85044479370117
HAL_049,HAL,07-2022,1,223.068,216.5807135764871,2.01,0.003,15.0,0.005,6.692,2.684520656366,0.1,0.1551,10.25920581817627
HAL_183,HAL,07-2022,0,138.191,30.88967171322295,3.35,5.5e-06,50.0,0.005,0.02,5.324975180755,0.14,0.0625,11.73268795013428
HAL_151,HAL,07-2022,0,154.302,117.9534824335153,4.3,0.0001,76.0,0.005,51.228,3.8708248417235,2.52,0.5621,12.30922508239746
HAL_165,HAL,07-2022,0,51.695,1182.621525777013,3.96,1e-07,58.0,0.005,51.533,3.119065579002,1.1,0.0625,12.65860366821289
HAL_117,HAL,07-2022,1,896.349,35.89893318132768,3.46,5.2e-06,39.0,0.005,0.0625,2.449667633555,0.17,0.0625,11.46095275878906
HAL_141,HAL,07-2022,0,86.385,199.4340114443625,2.34,5.005e-05,47.0,0.005,0.02,2.981795651001667,0.17,0.0625,10.78816413879395
HAL_083,HAL,07-2022,0,454.697,70.90258739835352,5.67,5.5e-06,4.0,7.173,0.02,4.952860756953,0.09,0.1072,12.37327671051025
HAL_107,HAL,07-2022,0,263.686,42.54791069509957,4.11,0.0001,78.0,1.112,7.729,4.127124358884,0.15,2.7063,12.19976425170898
HAL_109,HAL,07-2022,0,200.583,10.40919328507311,4.680000000000001,0.0001,69.0,0.005,0.0625,3.011043293015,3.6,0.7248,11.72887134552002
HAL_077,HAL,07-2022,1,468.247,36.94205552742904,3.515,0.00014,93.0,0.005,3.027,5.0547858049162,1.92,0.5521,15.78532028198242
HAL_149,HAL,07-2022,0,111.504,384.9748724315975,5.67,0.0001,84.0,0.005,0.02,2.575057305801666,0.08,0.0625,12.79690933227539
HAL_123,HAL,07-2022,0,42.611,1087.005062939456,1.88,1e-07,96.0,0.005,21.683,2.817111387994667,0.38,0.1022,14.08312797546387
HAL_127,HAL,07-2022,0,567.333,1164.289173126903,3.74,1e-06,64.0,0.005,38.069,4.013177933162667,5.43,0.0625,13.25763320922852
HAL_195,HAL,07-2022,1,690.003,589.2704419881298,4.03,1e-06,55.0,0.005,13.837,3.411435411518667,3.34,1.2476,11.85084056854248
HAL_171,HAL,07-2022,0,130.288,948.0405863429608,8.59,1.5e-06,65.0,0.005,6.006,23.477918570512,0.59,0.0625,13.05751705169678
HAL_035,HAL,07-2022,0,114.375,733.9058472557854,4.21,0.0001,15.0,0.005,0.02,3.39191442246425,0.12,0.0625,10.56558799743652
HAL_105,HAL,07-2022,0,523.069,238.4476618612745,8.23,5.005e-05,78.0,0.005,40.978,3.365560101305333,3.26,0.0625,12.6024227142334
HAL_197,HAL,07-2022,1,107.58,777.3594260839873,3.02,1e-07,38.0,0.005,38.425,6.349983523439334,0.42,0.0955,10.72189712524414
HAL_011,HAL,07-2022,0,152.176,936.4156762569502,6.72,5.5e-06,53.0,0.005,54.412,3.999174452085,2.87,0.0625,12.57993221282959
HAL_007,HAL,07-2022,1,48.175,374.554018193933,2.83,0.0001,69.0,0.005,16.476,3.0664230210065,1.67,0.0625,13.86062335968018
HAL_071,HAL,07-2022,0,104.632,43.75702337927813,1.23,0.003,4.0,0.005,3.019,6.6777798821075,0.12,0.1275,10.30647945404053
HAL_009,HAL,07-2022,0,62.672,33.49068352350159,1.56,0.003,11.0,0.005,4.863,5.336371528729,0.09,0.0625,10.46761798858643
HAL_087,HAL,07-2022,1,250.475,7.707851678416774,1.76,0.0001,3.0,0.005,0.02,5.271075954759,0.11,0.0625,9.934802055358888
HAL_205,HAL,07-2022,0,75.814,423.884434457374,3.62,1e-06,23.0,0.005,48.752,7.867927616922,1.67,0.0625,10.23160648345947
HAL_163,HAL,07-2022,0,425.309,438.0099676897532,8.52,6.250000000000001e-06,14.0,0.005,4.157,15.286879800169,0.29,0.0625,11.54915237426758
HAL_031,HAL,07-2022,1,75.345,204.5389384986027,5.02,5.005e-05,0.0,0.005,13.052,3.814466639411,6.66,0.0625,10.19214916229248
HAL_013,HAL,07-2022,0,0.05,13.27655356662736,1.63,6.250000000000001e-06,18.0,0.005,103.487,2.240856097248,3.52,0.0625,9.595980644226074
HAL_155,HAL,07-2022,0,228.176,7.58894796837516,4.28,1.1e-05,3.0,0.005,6.373,3.553373877129,0.25,0.0625,10.63990306854248
HAL_037,HAL,07-2022,0,128.53,158.83805035758,5.71,0.0001,9.0,0.005,13.159,2.441737514875,0.38,0.0894,11.59893131256104
HAL_147,HAL,07-2022,0,159.826,43.18335688769564,3.56,0.0001,9.0,0.005,4.854,3.888875454606,0.36,0.1271,10.44407272338867
HAL_075,HAL,07-2022,0,270.261,66.46642144510729,4.7,0.00014,34.0,0.005,0.02,8.140276031524,0.22,0.0625,10.73749828338623
HAL_115,HAL,07-2022,1,146.314,1094.75272664442,4.5,1e-07,50.0,0.005,45.551,1.941986551867,1.43,0.1384,11.57213401794434
HAL_159,HAL,07-2022,0,159.012,229.3943537015373,6.13,6.250000000000001e-06,2.0,4.137,0.02,9.327197359182,0.14,0.0625,9.799589157104492
HAL_051,HAL,07-2022,1,1014.749,124.4396831841399,3.56,0.003,2.0,0.005,0.02,4.214592288873,0.44,0.0625,10.58124351501465
HAL_039,HAL,07-2022,0,184.582,223.5577855378523,2.93,0.0001,0.0,0.0125,0.02,3.757606409424,0.29,0.0625,10.94758796691895
HAL_213,HAL,07-2022,0,119.175,1326.91779442306,4.52,6.250000000000001e-06,62.0,8.533,0.02,29.152257142206,0.11,0.0625,14.58308792114258
HAL_215,HAL,07-2022,0,183.933,809.8867065430074,1.14,1e-06,75.0,0.005,0.0625,10.939448044139,0.1,0.0625,13.9628734588623
HAL_217,HAL,07-2022,0,147.641,215.5693424159683,5.08,5.005e-05,49.0,0.005,36.823,3.083060282092,5.94,0.8075,13.74352073669434
HAL_061,HAL,07-2022,0,288.739,784.385938883143,3.85,2.165e-05,90.0,0.005,0.02,39.916667347734,0.96,0.0625,13.0
HAL_015,HAL,07-2022,0,632.26,341.1036286437134,5.03,6.250000000000001e-06,76.0,0.005,0.0625,12.399357312099,0.24,0.0625,14.33368968963623
HAL_219,HAL,07-2022,0,213.955,1737.947546672846,11.965,1.5e-06,22.0,0.0125,0.02,3.870162932624,0.21,0.0625,14.19584465026855
HAL_221,HAL,07-2022,0,142.15,1745.311170114695,12.0,1e-07,94.0,0.005,5.754,2.489772290202,0.32,0.0625,13.1057653427124
HAL_223,HAL,07-2022,0,96.58,806.4788532460091,4.49,5.5e-06,55.0,0.005,8.868,3.750149539762,6.44,0.0625,11.7
HAL_027,HAL,10-2022,0,95.846,656.9384433113248,3.61,1e-06,71.0,0.005,0.02,4.137439908425,0.3,0.0625,10.0
HAL_199,HAL,10-2022,1,1158.315,82.47863618217009,4.0306,0.0061,28.0,0.005,3.438,5.7250784468175,0.09,0.02,12.89
HAL_103,HAL,10-2022,1,1122.459,145.5995974642816,1.94,0.00066,15.0,0.005,0.02,6.0479557869765,0.51,0.0625,11.017
HAL_085,HAL,10-2022,0,230.775,268.6647167421796,3.89,0.0001,53.0,0.005,0.02,3.0297973841675,0.231,0.3196,13.039
HAL_075,HAL,10-2022,0,284.6,66.46642144510729,4.78,0.00014,34.0,0.005,0.0625,7.1167247415595,0.201,0.02,11.649
HAL_191,HAL,10-2022,0,186.323,715.15115356744,2.99,5.75e-06,63.0,0.005,0.02,7.6047915700285,0.086,0.02,16.87
HAL_197,HAL,10-2022,0,216.195,777.3594260839873,3.27,1e-07,38.0,0.005,6.321,5.777337289393,0.167,0.0625,11.388
HAL_217,HAL,10-2022,0,143.639,215.5693424159683,5.14,5.005e-05,49.0,0.005,39.645,2.968892154128,4.601,0.8494,16.967
HAL_115,HAL,10-2022,0,160.307,1094.75272664442,4.69,1e-07,50.0,0.005,47.417,3.9382244552465,2.901,0.1358,12.377
HAL_173,HAL,10-2022,0,92.8,73.712006430051,2.49,1e-07,57.0,0.005,0.02,5.698861090746,0.134,0.02,11.839
HAL_073,HAL,10-2022,1,248.136,354.728204555396,2.03,0.0001,0.0,0.005,0.02,3.56541614606,0.134,0.7453,15.178
HAL_203,HAL,10-2022,0,662.567,435.0480134202555,2.21,0.003,12.0,0.005,5.894,4.772565671609,0.208,0.1372,12.441
HAL_195,HAL,10-2022,1,725.71,589.2704419881298,4.5,1e-06,55.0,0.005,6.612,3.399350507541,3.201,0.9886,12.181
HAL_127,HAL,10-2022,1,298.931,1164.289173126903,4.069999999999999,1e-06,64.0,0.005,48.331,4.669816275018499,3.722,0.0625,15.683
HAL_213,HAL,10-2022,0,128.897,1326.91779442306,4.06,6.250000000000001e-06,62.0,7.337,0.02,27.975220052829,0.052,0.02,14.968
HAL_005,HAL,10-2022,0,105.932,68.86297253334438,11.77,0.0001,35.0,0.005,0.02,2.661090566470333,0.23,0.0625,11.687
HAL_037,HAL,10-2022,0,134.902,158.83805035758,5.75,0.0001,9.0,0.005,12.784,2.3100943471585,0.359,0.0625,11.714
HAL_147,HAL,10-2022,0,183.329,43.18335688769564,3.54,0.0001,9.0,0.005,2.782,5.7269586523755,0.172,0.1082,12.535
HAL_215,HAL,10-2022,0,202.452,809.8867065430074,1.27,1e-06,75.0,0.005,0.0625,9.3277505489125,0.487,0.0625,15.655
HAL_123,HAL,10-2022,0,50.468,1087.005062939456,2.02,1e-07,96.0,0.005,16.964,2.703834332506,0.161,0.0625,14.236
HAL_141,HAL,10-2022,0,100.379,199.4340114443625,2.73,5.005e-05,47.0,0.005,0.02,3.192796496955,0.129,0.02,12.569
HAL_121,HAL,10-2022,0,216.651,1175.329525001532,6.21,5.005e-05,62.0,0.005,33.961,3.2345479322795,1.041,0.02,13.722
HAL_219,HAL,10-2022,0,229.97,1737.947546672846,11.965,1.5e-06,22.0,0.0125,0.02,3.446387622776,0.165,0.0625,14.138
HAL_131,HAL,10-2022,0,100.368,1733.488171776952,16.25,0.00067,58.0,0.0125,0.02,3.338301384219,0.181,0.02,12.52
HAL_097,HAL,10-2022,0,404.301,153.9897848313722,1.51,1e-07,0.0,0.005,0.02,19.8841518637895,4.916,0.02,10.948
HAL_157,HAL,10-2022,0,768.345,833.2226505812577,4.04,1e-07,25.0,0.005,35.981,13.4448763098585,4.991,0.02,14.178
HAL_161,HAL,10-2022,0,251.597,361.7855581833633,5.46,1.1e-05,13.0,0.005,0.02,31.09569862558,0.116,0.6905,13.08
HAL_023,HAL,10-2022,0,96.199,191.0390827235926,2.77,0.0001,7.0,0.005,0.02,1.9835908962805,0.136,0.02,11.847
HAL_117,HAL,10-2022,1,873.011,35.89893318132768,3.8,5.2e-06,39.0,0.005,4.547,2.4541027442845,1.118,0.0625,13.575
HAL_165,HAL,10-2022,0,95.094,1182.621525777013,4.48,1e-07,58.0,0.005,68.548,2.7330382735965,0.468,0.0625,12.437
HAL_093,HAL,10-2022,0,102.153,137.2704765843793,4.510000000000001,1e-06,24.0,0.005,0.02,4.649277907163,1.231,0.02,11.334
HAL_031,HAL,10-2022,1,87.023,204.5389384986027,5.37,5.005e-05,0.0,0.005,14.45,3.609453885762,3.83,0.02,11.931
HAL_105,HAL,10-2022,1,333.345,238.4476618612745,8.379999999999999,5.005e-05,78.0,0.005,51.4,4.0421857530385,2.292,0.0625,13.317
HAL_009,HAL,10-2022,0,37.831,33.49068352350159,1.28,0.003,11.0,0.0125,0.02,4.003440088504,0.717,0.0625,13.198
HAL_071,HAL,10-2022,0,113.093,43.75702337927813,1.09,0.003,4.0,0.005,0.02,7.183238611988,0.221,0.0625,11.798
HAL_151,HAL,10-2022,0,189.947,117.9534824335153,4.06,0.0001,76.0,0.005,64.324,3.6419066174085,0.782,0.6,15.036
HAL_021,HAL,10-2022,1,133.387,1892.839669849744,7.799999999999999,0.0001,0.0,0.005,70.619,2.2546090974265,0.442,0.02,11.106
HAL_045,HAL,10-2022,0,127.355,1169.061270848854,10.87,0.0001,0.0,0.005,149.479,2.5158425553625,5.872,0.0625,10.663
HAL_001,HAL,10-2022,0,106.981,103.2389914367858,2.7,1e-07,36.0,0.005,195.585,2.9694133675735,2.222,0.0625,12.211
HAL_013,HAL,10-2022,0,98.34,13.27655356662736,1.65,6.250000000000001e-06,18.0,0.005,101.578,2.0851092058985,3.414,0.02,10.085
HAL_125,HAL,10-2022,0,26.191,640.5058733969296,9.78,5.005e-05,0.0,0.005,118.884,2.222105203724,0.91,0.02,10.659
HAL_155,HAL,10-2022,0,243.762,7.58894796837516,4.6,1.1e-05,3.0,0.005,0.02,3.4385566305795,0.336,0.02,10.831
HAL_029,HAL,10-2022,0,95.135,1205.743204394741,5.97,0.0001,0.0,0.005,75.204,1.9858164457165,1.232,0.02,10.519
HAL_003,HAL,10-2022,0,139.12,57.09690633685425,3.74,0.0001,41.0,0.0125,0.02,2.790617969996,0.346,0.02,13.387
HAL_049,HAL,10-2022,1,235.731,216.5807135764871,2.02,0.003,15.0,0.0125,25.047,2.6929144311785,0.157,0.2098,12.37
HAL_183,HAL,10-2022,0,143.692,30.88967171322295,3.42,5.5e-06,50.0,0.005,0.0625,5.2266193257235,0.125,0.0625,11.771
HAL_205,HAL,10-2022,0,79.272,423.884434457374,4.720000000000001,1e-06,23.0,0.005,46.259,7.7378065203715,1.887,0.0625,13.335
HAL_159,HAL,10-2022,0,192.769,229.3943537015373,6.33,6.250000000000001e-06,2.0,3.817,0.02,11.4855230512265,0.111,0.0625,10.279
HAL_163,HAL,10-2022,0,521.039,438.0099676897532,8.68,6.250000000000001e-06,14.0,0.005,5.038,15.0714587657525,0.37,0.0625,10.998
HAL_087,HAL,10-2022,1,279.013,7.707851678416774,2.35,0.0001,3.0,0.005,0.0625,5.6381605089305,0.192,0.0625,11.095
HAL_025,HAL,10-2022,0,136.474,357.5814586352928,9.24,0.0001,0.0,0.005,0.02,2.0589334189975,0.273,0.02,11.253
HAL_033,HAL,10-2022,0,125.912,58.242760931874,1.66,5.005e-05,49.0,0.005,24.7,2.537922180155,0.193,0.02,15.221
HAL_189,HAL,10-2022,0,193.323,569.0684399358801,4.649999999999999,5.5e-06,59.0,0.005,29.309,3.7709756941825,3.646,0.02,13.619
HAL_177,HAL,10-2022,0,206.979,1505.298456188087,13.53,5.5e-06,87.0,0.005,4.771,4.296995175318,0.452,0.02,12.655
HAL_181,HAL,10-2022,0,146.588,555.6664688921155,8.819999999999999,5.5e-06,39.0,0.005,120.728,6.124491025124,2.652,0.02,11.877
HAL_043,HAL,10-2022,1,130.654,1027.890124759141,8.360000000000001,1e-07,5.0,0.005,67.421,2.2736158012305,4.433,0.02,11.603
HAL_041,HAL,10-2022,0,114.473,1400.063925962034,6.15,5.005e-05,3.0,0.005,44.598,1.9435501922035,0.836,0.02,10.734
HAL_055,HAL,10-2022,0,226.804,317.8532495662178,4.61,5.005e-05,3.0,0.005,27.517,2.189905084729,0.218,0.0625,11.157
HAL_017,HAL,10-2022,0,126.503,896.4930039160456,14.64,5.75e-06,0.0,0.0125,148.636,2.0708285970175,7.565,0.0625,10.346
HAL_089,HAL,10-2022,0,1394.945,114.1656726765306,1.955,1e-07,94.0,246.06,0.02,136.4453139580375,5.13,14.42,13.839
HAL_077,HAL,10-2022,1,513.65,36.94205552742904,3.405,0.00014,93.0,0.005,0.0625,8.975982635255999,0.52,1.3081,16.151
HAL_065,HAL,10-2022,0,4907.42,169.2796286787574,3.55,5.005e-05,99.0,6.3,0.02,26.9947574555684,0.17,13.99,16.375
HAL_061,HAL,10-2022,0,308.438,784.385938883143,3.84,2.165e-05,90.0,0.0125,0.02,32.62256077299867,0.2,0.0625,15.1
HAL_171,HAL,10-2022,0,148.788,948.0405863429608,8.74,1.5e-06,65.0,0.0125,0.02,21.611814554197,2.399,0.0625,13.006
HAL_015,HAL,10-2022,0,675.762,341.1036286437134,5.27,6.250000000000001e-06,76.0,0.005,0.02,12.302213358269,0.27,0.1132,16.06
HAL_095,HAL,10-2022,0,280.156,5.354708555620362,1.61,0.0001,0.0,0.005,0.0625,3.516786611832,0.543,0.0625,13.534
HAL_007,HAL,10-2022,1,69.837,374.554018193933,2.79,0.0001,69.0,0.005,10.06,3.547790817768,1.775,0.0625,14.471
HAL_011,HAL,10-2022,0,156.077,936.4156762569502,6.890000000000001,5.5e-06,53.0,0.005,58.548,4.1093615325665,2.427,0.02,13.102
HAL_067,HAL,10-2022,0,67.784,76.55824624505546,5.71,5.5e-06,1.0,0.005,25.133,2.6774570950095,0.588,0.02,11.091
HAL_059,HAL,10-2022,0,89.561,25.27460789945738,2.69,1e-07,8.0,0.005,20.095,2.1698271753775,0.691,0.02,14.265
HAL_047,HAL,10-2022,0,178.019,1226.916557189977,8.97,5.5e-06,0.0,0.005,110.54,6.8420164771245,6.963,0.02,10.6
HAL_057,HAL,10-2022,0,226.758,862.2069129696265,9.41,5.5e-06,0.0,0.005,79.159,4.7572906002645,2.169,0.0625,11.1
HAL_063,HAL,10-2022,0,209.457,473.6310480396645,3.1,0.003,0.0,0.005,5.409,2.3588070197275,0.17,0.02,12.5
HAL_051,HAL,10-2022,1,1302.024,124.4396831841399,3.62,0.003,2.0,0.005,0.02,2.5629500184245,0.185,0.0625,11.9
HAL_039,HAL,10-2022,0,201.901,223.5577855378523,3.16,0.0001,0.0,0.0125,0.02,4.154774252523501,0.135,0.02,13.3
HAL_091,HAL,10-2022,0,325.72,140.7152306069329,2.11,1.1e-05,55.0,0.005,0.0625,4.499149249088,0.267,0.02,15.1
HAL_083,HAL,10-2022,0,471.97,70.90258739835352,5.67,5.5e-06,4.0,6.556,0.02,5.0340453469395,0.023,0.2344,13.2
HAL_107,HAL,10-2022,0,300.752,42.54791069509957,4.06,0.0001,78.0,0.0125,12.483,4.893544748278,0.079,3.3116,13.1
HAL_109,HAL,10-2022,0,252.286,10.40919328507311,4.58,0.0001,69.0,0.005,0.0625,2.8976521887765,0.113,0.5963,13.1
HAL_019,HAL,10-2022,0,264.329,2209.0482607605,7.135000000000001,5.005e-05,0.0,0.005,92.876,2.860761148772,5.14,0.0625,11.0
HAL_099,HAL,10-2022,0,111.241,86.61796571985829,2.25,5.5e-06,22.0,0.005,44.05,7.254437008169,0.219,0.0625,12.4
HAL_199,HAL,01-2023,1,1232.726,82.47863618217009,3.8606,0.0061,28.0,0.005,2.765,5.5321079620995,0.246431902050972,0.0625,12.74835968017578
HAL_103,HAL,01-2023,1,1285.743,145.5995974642816,2.73,0.00066,15.0,0.005,0.02,5.6973869840075,0.21,0.0625,11.44559574127197
HAL_085,HAL,01-2023,0,263.335,268.6647167421796,3.7,0.0001,53.0,0.005,0.02,2.816780966383,0.2042052447795868,0.3095,13.02780246734619
HAL_027,HAL,01-2023,0,91.902,656.9384433113248,3.06,1e-06,71.0,0.005,0.02,5.470428905963001,0.4231932461261749,0.0625,12.6
HAL_075,HAL,01-2023,0,196.579,66.46642144510729,4.37,0.00014,34.0,0.005,0.02,7.024757748271,4.568627834320068,0.0625,11.67923069000244
HAL_097,HAL,01-2023,0,364.04,153.9897848313722,0.9,1e-07,0.0,0.005,0.02,29.116725296722,1.14446496963501,0.0625,9.922887802124023
HAL_191,HAL,01-2023,0,195.167,715.15115356744,2.99,5.75e-06,63.0,0.005,0.02,9.783703594356,0.536751389503479,0.0625,13.5305871963501
HAL_161,HAL,01-2023,0,262.127,361.7855581833633,5.35,1.1e-05,13.0,0.005,0.02,35.007247920328,3.114314556121826,0.0774,13.16137981414795
HAL_073,HAL,01-2023,1,230.16,354.728204555396,1.75,0.0001,0.0,0.005,0.02,3.2889587788355,0.147252544760704,0.7749,13.69220542907715
HAL_203,HAL,01-2023,0,575.918,435.0480134202555,1.95,0.003,12.0,0.005,0.0625,5.4559468464865,0.2468285858631134,0.1245,10.53034400939941
HAL_175,HAL,01-2023,1,113.109,592.2808665100757,9.02,5.75e-06,50.0,0.005,0.02,3.93090508361,0.1244948282837868,0.0625,12.27150821685791
HAL_173,HAL,01-2023,0,93.165,73.712006430051,2.35,1e-07,57.0,0.005,0.02,5.7587174986375,0.251785546541214,0.0625,12.01424217224121
HAL_195,HAL,01-2023,1,645.935,589.2704419881298,4.600000000000001,1e-06,55.0,0.005,3.005,3.4347578479215,2.072035312652588,0.6873,12.65111637115479
HAL_197,HAL,01-2023,1,225.515,777.3594260839873,3.08,1e-07,38.0,0.005,6.645,7.24736225511275,0.3109859228134155,0.0625,11.91550827026367
HAL_217,HAL,01-2023,0,157.463,215.5693424159683,5.08,5.005e-05,49.0,0.005,36.223,2.9201826791875,8.199114799499512,0.7304,13.78380489349365
HAL_213,HAL,01-2023,0,142.804,1326.91779442306,4.22,6.250000000000001e-06,62.0,6.773,0.02,87.254628318067,0.4847123026847839,0.0625,14.7595043182373
HAL_127,HAL,01-2023,1,409.975,1164.289173126903,4.08,1e-06,64.0,0.005,34.028,84.203221630298,5.791345119476318,0.0625,13.56368541717529
HAL_115,HAL,01-2023,1,183.76,1094.75272664442,4.79,1e-07,50.0,0.005,37.73,4.4023666272785,5.853918075561523,0.0625,12.62490272521973
HAL_215,HAL,01-2023,0,204.848,809.8867065430074,1.04,1e-06,75.0,0.005,0.0625,64.148988223283,0.1791667342185974,0.0625,14.13042545318604
HAL_123,HAL,01-2023,0,53.088,1087.005062939456,1.64,1e-07,96.0,0.005,24.329,3.055324052483,0.2166526913642883,0.1097,14.55423069000244
HAL_141,HAL,01-2023,1,108.481,199.4340114443625,2.27,5.005e-05,47.0,0.005,0.02,3.195367390269,0.1622916013002396,0.0625,12.00665473937988
HAL_149,HAL,01-2023,0,111.821,384.9748724315975,5.42,0.0001,84.0,0.005,0.02,3.978031732443,0.1791667342185974,0.0625,13.60778331756592
HAL_025,HAL,01-2023,0,135.195,357.5814586352928,9.02,0.0001,0.0,0.005,0.02,2.191433551152,0.1883087605237961,0.0625,11.53382587432861
HAL_033,HAL,01-2023,0,119.526,58.242760931874,1.41,5.005e-05,49.0,0.005,23.481,2.5725492991815,0.2144585698843002,0.0625,12.27905368804932
HAL_147,HAL,01-2023,0,181.238,43.18335688769564,3.36,0.0001,9.0,0.005,0.02,5.9797695568425,0.2601417601108551,0.1176,10.6320858001709
HAL_005,HAL,01-2023,0,106.296,68.86297253334438,11.56,0.0001,35.0,0.005,0.02,2.72373637229,0.2576090097427368,0.0625,11.92691135406494
HAL_037,HAL,01-2023,1,135.793,158.83805035758,5.74,0.0001,9.0,0.005,10.088,2.2509701961935,0.4311385154724121,0.0758,12.28282642364502
HAL_035,HAL,01-2023,0,116.02,733.9058472557854,4.37,0.0001,15.0,0.005,0.02,3.274617415013,0.1545319259166718,0.0625,11.13352203369141
HAL_131,HAL,01-2023,0,100.369,1733.488171776952,16.1,0.00067,58.0,0.005,0.02,3.874786703435,0.1883647441864014,0.0625,12.41467666625977
HAL_219,HAL,01-2023,0,217.503,1737.947546672846,11.805,1.5e-06,22.0,0.005,0.02,3.800230797329,0.3575528562068939,0.0625,14.29382419586182
HAL_121,HAL,01-2023,0,199.861,1175.329525001532,6.29,5.005e-05,62.0,0.005,37.969,2.949188367311,1.68404221534729,0.0625,14.11951446533203
HAL_221,HAL,01-2023,0,103.028,1745.311170114695,12.15,1e-07,94.0,0.005,9.232,2.3494635492505,0.5994573831558228,0.0625,13.1984224319458
HAL_089,HAL,01-2023,0,1062.438,114.1656726765306,1.925,1e-07,94.0,206.874,4.582,141.0102782305171,0.1468502879142761,4.3673,14.17768096923828
HAL_065,HAL,01-2023,0,2008.718,169.2796286787574,3.39,5.005e-05,99.0,0.005,0.02,11.310145532134,0.5773286819458008,7.1133,15.45608234405518
HAL_077,HAL,01-2023,1,351.26,36.94205552742904,2.905,0.00014,93.0,0.005,7.268,6.069869135087,0.6329569220542908,0.1331,13.87889671325684
HAL_061,HAL,01-2023,0,295.357,784.385938883143,3.91,2.165e-05,90.0,0.005,0.02,31.745896865078,0.2777191996574402,0.0625,14.4
HAL_171,HAL,01-2023,0,150.662,948.0405863429608,8.78,1.5e-06,65.0,0.005,0.02,20.535927678573,7.5,0.0625,13.07236766815186
HAL_079,HAL,01-2023,0,250.592,15.3951367913322,2.54,6.250000000000001e-06,75.0,0.0125,0.02,3.9783866692065,6.55,0.5668,14.0
HAL_015,HAL,01-2023,0,728.381,341.1036286437134,4.92,6.250000000000001e-06,76.0,0.005,0.02,12.182916234191,0.1207184344530106,0.0625,15.11066150665283
HAL_029,HAL,01-2023,0,88.341,1205.743204394741,5.89,0.0001,0.0,0.005,56.206,1.95328537217175,0.4063414633274078,0.0625,10.82709980010986
HAL_003,HAL,01-2023,0,141.392,57.09690633685425,3.76,0.0001,41.0,0.0125,0.02,2.5408032434335,0.246431902050972,0.0625,12.95715808868408
HAL_023,HAL,01-2023,0,110.019,191.0390827235926,2.68,0.0001,7.0,0.005,0.02,2.086564126866,0.147252544760704,0.0625,11.9345121383667
HAL_117,HAL,01-2023,0,1004.115,35.89893318132768,3.51,5.2e-06,39.0,0.005,6.643,2.290994912128,1.930280923843384,0.0625,12.8006420135498
HAL_165,HAL,01-2023,0,77.919,1182.621525777013,4.68,1e-07,58.0,0.005,57.193,2.7894828118785,0.3279182910919189,0.0625,12.8342227935791
HAL_155,HAL,01-2023,0,204.337,7.58894796837516,4.55,1.1e-05,3.0,0.005,8.934,3.271381414971,0.3464465737342834,0.0625,11.27247905731201
HAL_125,HAL,01-2023,0,31.407,640.5058733969296,10.23,5.005e-05,0.0,0.005,131.942,2.35204403545,4.006715774536133,0.0625,10.92429256439209
HAL_013,HAL,01-2023,0,96.457,13.27655356662736,1.55,6.250000000000001e-06,18.0,0.005,102.367,1.9615336548875,4.098070621490479,0.0745,10.2828483581543
HAL_001,HAL,01-2023,1,101.845,103.2389914367858,2.35,1e-07,36.0,0.005,194.005,3.326035281293,3.041131973266602,0.222,11.06388568878174
HAL_045,HAL,01-2023,0,119.489,1169.061270848854,11.08,0.0001,0.0,0.005,137.942,2.612944940022,7.076644420623779,0.0625,10.82709980010986
HAL_021,HAL,01-2023,1,126.942,1892.839669849744,7.83,0.0001,0.0,0.005,57.787,2.29538205843,1.38402247428894,0.02,11.38411998748779
HAL_041,HAL,01-2023,1,97.96,1400.063925962034,6.13,5.005e-05,3.0,0.005,40.847,1.988755066308,1.38402247428894,0.02,10.9863862991333
HAL_043,HAL,01-2023,1,120.345,1027.890124759141,8.39,1e-07,5.0,0.005,59.264,2.4091057160325,7.553909301757812,0.0625,12.05974292755127
HAL_105,HAL,01-2023,0,362.883,238.4476618612745,8.41,5.005e-05,78.0,0.005,52.107,4.4691395056155,2.450392246246338,0.0625,13.82039928436279
HAL_093,HAL,01-2023,0,104.709,137.2704765843793,4.54,1e-06,24.0,0.005,0.02,4.604952380896,4.367701053619385,0.0625,11.52616024017334
HAL_031,HAL,01-2023,0,85.217,204.5389384986027,6.359999999999999,5.005e-05,0.0,0.005,14.713,3.7208176935315,4.367701053619385,0.0625,10.73749828338623
HAL_009,HAL,01-2023,0,49.858,33.49068352350159,1.06,0.003,11.0,0.005,0.02,3.7200694484625,0.1499934643507004,0.0625,11.07549858093262
HAL_071,HAL,01-2023,0,102.112,43.75702337927813,0.88,0.003,4.0,0.005,0.02,7.279928502571,0.1278516054153442,0.1035,10.66334533691406
HAL_151,HAL,01-2023,1,195.126,117.9534824335153,4.119999999999999,0.0001,76.0,0.005,67.259,3.896153257072,2.309082984924316,0.5334,13.43116569519043
HAL_007,HAL,01-2023,1,47.742,374.554018193933,2.78,0.0001,69.0,0.005,15.167,3.3019667315735,1.152993202209473,0.0897,11.47246646881104
HAL_223,HAL,01-2023,0,90.687,806.4788532460091,4.44,5.5e-06,55.0,0.005,5.024,3.1756668010805,6.37,0.0625,13.2
HAL_183,HAL,01-2023,0,148.986,30.88967171322295,3.13,5.5e-06,50.0,0.005,0.0625,5.051191030956501,0.2073889225721359,0.0625,12.03320598602295
HAL_049,HAL,01-2023,0,227.662,216.5807135764871,1.7,0.003,15.0,0.0125,14.452,2.582068639226,0.1321672201156616,0.0625,10.08939361572266
HAL_095,HAL,01-2023,0,269.196,5.354708555620362,1.3,0.0001,0.0,0.005,0.02,3.539419426355,0.173295795917511,0.0625,10.82320785522461
HAL_205,HAL,01-2023,0,76.762,423.884434457374,4.32,1e-06,23.0,0.005,43.148,7.093554725448501,10.14957809448242,0.0625,11.37643051147461
HAL_159,HAL,01-2023,0,168.567,229.3943537015373,6.24,6.250000000000001e-06,2.0,3.39,0.02,11.742238260092,0.1436264663934708,0.0625,10.48330783843994
HAL_163,HAL,01-2023,0,527.046,438.0099676897532,8.819999999999999,6.250000000000001e-06,14.0,0.005,3.586,14.5863657317885,0.2045218050479889,0.0625,11.31101131439209
HAL_091,HAL,01-2023,0,213.805,140.7152306069329,1.88,1.1e-05,55.0,0.005,0.02,4.067347891704999,0.1004110872745514,0.02,12.21487712860107
HAL_083,HAL,01-2023,0,423.041,70.90258739835352,5.38,5.5e-06,4.0,8.971,0.02,5.109403857799,0.1468502879142761,0.0625,13.03151702880859
HAL_107,HAL,01-2023,0,281.854,42.54791069509957,3.81,0.0001,78.0,4.121,0.02,4.8917444834325,7.828583240509033,3.4631,13.27981853485107
HAL_109,HAL,01-2023,0,238.547,10.40919328507311,4.33,0.0001,69.0,0.005,0.02,3.452718927206,0.3454881012439728,0.5571,13.01293849945068
HAL_189,HAL,01-2023,0,255.028,569.0684399358801,4.59,5.5e-06,59.0,0.005,28.162,3.816800908216,0.602401852607727,0.0625,13.82039928436279
HAL_177,HAL,01-2023,0,205.757,1505.298456188087,13.62,5.5e-06,87.0,0.005,4.183,4.2646127914985,0.602401852607727,0.0625,12.58743000030518
HAL_011,HAL,01-2023,0,165.937,936.4156762569502,6.98,5.5e-06,53.0,0.005,51.535,4.9586132906245,2.703801870346069,0.0625,13.30569076538086
HAL_181,HAL,01-2023,0,140.836,555.6664688921155,9.08,5.5e-06,39.0,0.005,125.334,6.0037645611065,1.694799184799194,0.0625,12.19598484039307
HAL_053,HAL,01-2023,0,1687.089,524.6044442994854,2.38,0.003,0.0,0.0,3.031,2.5817520740045,0.107,0.0625,10.35370254516602
HAL_039,HAL,01-2023,0,198.49,223.5577855378523,3.06,0.0001,0.0,0.0125,0.02,3.567443442529,0.22,0.0625,10.9
HAL_063,HAL,01-2023,0,214.917,473.6310480396645,2.84,0.003,0.0,0.005,0.0625,2.300517449801,0.045,0.02,10.6
HAL_051,HAL,01-2023,0,1357.083,124.4396831841399,3.75,0.003,2.0,0.0,0.0625,2.623644204983,0.327,0.02,9.7
HAL_019,HAL,01-2023,0,269.211,2209.0482607605,7.075,5.005e-05,0.0,0.005,97.237,2.640911398883,5.41,0.02,11.2
HAL_099,HAL,01-2023,0,107.041,86.61796571985829,1.98,5.5e-06,22.0,0.005,24.673,7.385578148211,1.16,0.0625,9.9
HAL_157,HAL,01-2023,0,589.864,833.2226505812577,3.96,1e-07,25.0,0.005,30.009,12.2775436543915,0.837,0.02,12.4
HAL_059,HAL,01-2023,0,84.445,25.27460789945738,2.51,1e-07,8.0,0.005,17.648,1.9902995208735,0.165,0.0625,11.4
HAL_067,HAL,01-2023,0,59.647,76.55824624505546,5.74,5.5e-06,1.0,0.005,23.546,2.5105536778235,0.411,0.0625,11.8
HAL_047,HAL,01-2023,0,161.333,1226.916557189977,8.97,5.5e-06,0.0,0.005,96.303,6.867786165206001,8.25,0.0625,10.7
HAL_057,HAL,01-2023,0,194.943,862.2069129696265,9.239999999999998,5.5e-06,0.0,0.005,70.163,4.954063065269001,2.76,0.0625,11.4
HAL_055,HAL,01-2023,0,202.356,317.8532495662178,4.37,5.005e-05,3.0,0.005,32.408,2.457425080296,0.097,0.0625,11.3
HAL_017,HAL,01-2023,0,116.49,896.4930039160456,14.73,5.75e-06,0.0,0.005,129.475,2.1149111035185,8.45,0.0625,10.3
HAL_087,HAL,01-2023,1,236.691,7.707851678416774,2.25,0.0001,3.0,0.005,0.02,4.920980400808,0.045,0.0625,10.1
HAL_061,HAL,05-2023,0,273.018,784.385938883143,3.95,2.165e-05,90.0,0.005,0.02,44.21364403783675,0.106,0.0625,12.7
HAL_079,HAL,05-2023,0,278.315,15.3951367913322,2.55,6.250000000000001e-06,75.0,0.0125,0.02,4.4666925870355,0.665,1.548,11.7
HAL_027,HAL,05-2023,0,94.286,656.9384433113248,2.68,1e-06,71.0,0.005,0.02,5.77425329304825,0.327,0.0625,12.4
HAL_103,HAL,05-2023,1,613.227,145.5995974642816,2.28,0.00066,15.0,0.005,0.02,5.107181987097,0.488,0.0625,9.7
HAL_199,HAL,05-2023,1,658.538,82.47863618217009,3.3906,0.0061,28.0,0.005,0.0625,6.029459702960001,0.064,0.0625,9.8
HAL_085,HAL,05-2023,0,242.454,268.6647167421796,3.34,0.0001,53.0,0.005,3.522,2.3448838352305,0.013,0.3207,11.0
HAL_075,HAL,05-2023,0,286.664,66.46642144510729,3.75,0.00014,34.0,0.005,0.02,8.640288997694999,2.29,0.0625,10.7
HAL_005,HAL,05-2023,0,97.165,68.86297253334438,11.76,0.0001,35.0,0.005,0.02,2.3895431069145,0.022,0.0625,12.0
HAL_037,HAL,05-2023,0,127.361,158.83805035758,5.77,0.0001,9.0,0.005,8.643,1.994322973418,0.199,0.0625,11.2
HAL_147,HAL,05-2023,0,166.154,43.18335688769564,3.34,0.0001,9.0,0.005,0.02,6.139726511088,0.652,0.0625,9.0
HAL_035,HAL,05-2023,0,112.31,733.9058472557854,4.18,0.0001,15.0,0.005,0.02,3.034965975126,0.027,0.0625,10.9
HAL_097,HAL,05-2023,0,325.474,153.9897848313722,0.41,1e-07,0.0,0.005,0.02,37.8365117929052,8.45,0.0625,8.6
HAL_157,HAL,05-2023,0,549.855,833.2226505812577,3.22,1e-07,25.0,0.005,46.321,14.531001767815,0.922,0.0625,10.7
HAL_175,HAL,05-2023,0,101.556,592.2808665100757,8.15,5.75e-06,50.0,0.005,0.02,5.502383145716,0.174,0.0625,12.4
HAL_191,HAL,05-2023,1,169.001,715.15115356744,2.88,5.75e-06,63.0,0.005,0.02,8.0171198658155,0.3,0.0625,11.5
HAL_045,HAL,05-2023,0,123.094,1169.061270848854,11.12,0.0001,0.0,0.005,149.552,2.092901257006,7.12,0.0625,10.9
HAL_021,HAL,05-2023,1,124.433,1892.839669849744,7.879999999999999,0.0001,0.0,0.005,74.851,1.870887600305,0.433,0.02,10.7
HAL_041,HAL,05-2023,0,96.76,1400.063925962034,6.17,5.005e-05,3.0,0.005,52.332,1.399673082421,1.77,0.0625,10.4
HAL_043,HAL,05-2023,1,122.228,1027.890124759141,8.430000000000001,1e-07,5.0,0.005,66.582,1.7377029351325,4.0,0.02,11.6
HAL_105,HAL,05-2023,0,402.605,238.4476618612745,8.2,5.005e-05,78.0,0.005,61.559,3.8350948145705,3.89,0.0625,13.2
HAL_127,HAL,05-2023,0,463.442,1164.289173126903,3.45,1e-06,64.0,0.005,7.266,3.486896179892334,8.37,0.0625,11.7
HAL_213,HAL,05-2023,0,127.599,1326.91779442306,3.79,6.250000000000001e-06,62.0,7.649,0.02,31.4026602851665,0.084,0.0625,14.2
HAL_115,HAL,05-2023,1,207.65,1094.75272664442,4.71,1e-07,50.0,0.005,30.614,4.0849484115395,3.4,0.0625,11.5
HAL_217,HAL,05-2023,0,136.36,215.5693424159683,4.77,5.005e-05,49.0,0.005,36.747,2.692477026202,8.59,0.7141,10.4
HAL_091,HAL,05-2023,0,199.881,140.7152306069329,1.79,1.1e-05,55.0,0.005,0.02,3.849921783849,5.22,0.02,11.3
HAL_083,HAL,05-2023,0,428.024,70.90258739835352,5.17,5.5e-06,4.0,8.642,0.02,4.6713556157505,0.01,0.2116,12.4
HAL_109,HAL,05-2023,0,234.113,10.40919328507311,4.2,0.0001,69.0,0.005,0.02,2.6765874637835,0.03,0.3758,12.0
HAL_107,HAL,05-2023,0,240.951,42.54791069509957,3.6,0.0001,78.0,4.133,0.02,4.501169939453,0.062,1.49058,12.4
HAL_073,HAL,05-2023,1,231.596,354.728204555396,1.5,0.0001,0.0,0.005,0.02,3.0996589224745,0.17,0.3629,9.0928373336792
HAL_203,HAL,05-2023,0,503.004,435.0480134202555,1.64,0.003,12.0,0.005,4.52,5.9489796575315,0.11,0.1131,9.42356300354004
HAL_173,HAL,05-2023,0,85.247,73.712006430051,2.1,1e-07,57.0,0.005,0.02,6.4409451014495,0.41,0.0625,12.01803588867188
HAL_161,HAL,05-2023,0,237.644,361.7855581833633,5.32,1.1e-05,13.0,0.005,0.02,37.327061681207,0.27,0.0625,13.26133155822754
HAL_195,HAL,05-2023,1,663.267,589.2704419881298,3.96,1e-06,55.0,0.005,9.471,3.393732838961334,2.288939476013184,0.8844,12.16574192047119
HAL_215,HAL,05-2023,0,180.04,809.8867065430074,0.8999999999999999,1e-06,75.0,0.005,0.0625,13.27169551420883,0.2479377537965775,0.0625,12.95343780517578
HAL_197,HAL,05-2023,1,91.05,777.3594260839873,2.68,1e-07,38.0,0.005,53.245,6.164492521201,0.6617518067359924,0.0918,10.33796691894531
HAL_123,HAL,05-2023,0,49.251,1087.005062939456,1.48,1e-07,96.0,0.005,22.758,4.129565938493,0.1982313990592957,0.1111,14.44226551055908
HAL_099,HAL,05-2023,0,103.27,86.61796571985829,1.94,5.5e-06,22.0,0.005,24.818,29.7070847567995,3.2,0.0625,9.23431396484375
HAL_019,HAL,05-2023,0,240.12,2209.0482607605,6.935,5.005e-05,0.0,0.005,91.612,17.219396107839,5.05,0.0625,10.9281759262085
HAL_059,HAL,05-2023,0,96.386,25.27460789945738,2.31,1e-07,8.0,0.005,20.252,18.924444736206,0.58,0.0625,10.10917282104492
HAL_141,HAL,05-2023,0,105.532,199.4340114443625,1.92,5.005e-05,47.0,0.005,0.02,7.3972941073515,0.1592595279216766,0.02,10.52642631530762
HAL_149,HAL,05-2023,1,105.495,384.9748724315975,5.07,0.0001,84.0,0.005,0.02,3.633828288928,0.1190991848707199,0.02,13.02780246734619
HAL_025,HAL,05-2023,0,127.477,357.5814586352928,8.950000000000001,0.0001,0.0,0.005,0.02,1.637640816124,0.2113749831914902,0.0625,11.48781394958496
HAL_033,HAL,05-2023,0,114.481,58.242760931874,1.2,5.005e-05,49.0,0.005,22.769,2.169962029509,0.19,0.0625,10.71409511566162
HAL_219,HAL,05-2023,0,202.09,1737.947546672846,12.145,1.5e-06,22.0,0.005,0.02,3.767494915989,0.2205569893121719,0.0625,14.43503379821777
HAL_131,HAL,05-2023,0,90.015,1733.488171776952,16.43,0.00067,58.0,0.0125,0.02,3.323065335184,0.1806071102619171,0.0625,12.51239776611328
HAL_011,HAL,05-2023,0,155.112,936.4156762569502,6.86,5.5e-06,53.0,0.005,38.607,4.8188055938275,2.532881259918213,0.0625,12.44100379943848
HAL_121,HAL,05-2023,1,187.906,1175.329525001532,6.31,5.005e-05,62.0,0.005,38.598,2.3898467049545,2.647219896316528,0.0625,12.80437469482422
HAL_221,HAL,05-2023,0,124.435,1745.311170114695,12.09,1e-07,94.0,0.005,7.769,2.059588962067,0.8749873638153076,0.0625,13.27981853485107
HAL_189,HAL,05-2023,0,204.964,569.0684399358801,3.24,5.5e-06,59.0,0.005,53.658,11.7471557450595,4.42,0.0625,12.79317665100098
HAL_181,HAL,05-2023,0,124.55,555.6664688921155,8.84,5.5e-06,39.0,0.005,130.993,7.3909716781685,1.275521159172058,0.0625,12.01044845581055
HAL_177,HAL,05-2023,0,190.054,1505.298456188087,13.63,5.5e-06,87.0,0.005,4.372,4.9975792996815,1.514586091041565,0.0625,12.89014053344727
HAL_049,HAL,05-2023,0,211.131,216.5807135764871,1.45,0.003,15.0,0.0125,15.986,2.4407145565565,0.7277236580848694,0.0625,9.226242065429688
HAL_223,HAL,05-2023,0,104.642,806.4788532460091,3.8,5.5e-06,55.0,0.005,50.025,7.3303507395315,8.27,0.0625,11.8
HAL_183,HAL,05-2023,0,136.274,30.88967171322295,3.0,5.5e-06,50.0,0.005,0.0625,5.283132231179,0.1590728759765625,0.0625,11.88508701324463
HAL_151,HAL,05-2023,1,173.617,117.9534824335153,4.07,0.0001,76.0,0.005,65.282,3.4736537579995,8.132015228271484,0.1118,11.85084056854248
HAL_007,HAL,05-2023,1,44.884,374.554018193933,2.72,0.0001,69.0,0.005,12.794,3.01374447213,2.29,0.0625,10.99802017211914
HAL_095,HAL,05-2023,0,235.178,5.354708555620362,1.17,0.0001,0.0,0.0125,0.02,3.3511747187125,0.1474813371896744,0.0625,9.799589157104492
HAL_067,HAL,05-2023,0,63.763,76.55824624505546,5.510000000000001,5.5e-06,1.0,0.005,25.358,2.095201012159,2.47,0.0625,11.45711421966553
HAL_057,HAL,05-2023,0,205.878,862.2069129696265,9.4,5.5e-06,0.0,0.005,78.626,4.905183031183,2.498074054718018,0.0625,11.42639350891113
HAL_053,HAL,05-2023,0,1492.961,524.6044442994854,2.72,0.003,0.0,0.005,4.353,2.0844270767145,0.1623739451169968,0.0625,9.113077163696287
HAL_039,HAL,05-2023,0,186.877,223.5577855378523,2.86,0.0001,0.0,0.0125,0.02,5.1467977363415,0.0918199941515922,0.0625,9.655964851379396
HAL_051,HAL,05-2023,1,1243.425,124.4396831841399,3.33,0.003,2.0,0.005,0.0625,2.625882796128,0.5161126255989075,0.02,8.849206924438477
HAL_047,HAL,05-2023,0,165.846,1226.916557189977,9.08,5.5e-06,0.0,0.005,104.431,7.078068358242501,8.343908309936523,0.0625,10.82320785522461
HAL_063,HAL,05-2023,0,197.759,473.6310480396645,2.58,0.003,0.0,0.005,0.0625,2.3424550509105,0.2258066684007645,0.0625,9.79560661315918
HAL_009,HAL,05-2023,0,41.375,33.49068352350159,1.07,0.003,11.0,0.0125,0.02,3.3292549402245,0.1048124507069588,0.0625,9.587976455688477
HAL_071,HAL,05-2023,0,103.22,43.75702337927813,0.82,0.003,4.0,0.005,0.02,7.207067165438501,0.1912300437688828,0.0625,9.946712493896484
HAL_089,HAL,05-2023,0,837.318,114.1656726765306,1.835,1e-07,94.0,181.894,44.382,149.519427096805,8.33,30.7,13.02037048339844
HAL_171,HAL,05-2023,0,157.491,948.0405863429608,8.59,1.5e-06,65.0,0.0125,0.02,28.693033247667,1.78,0.0625,13.1984224319458
HAL_015,HAL,05-2023,0,810.469,341.1036286437134,4.56,6.250000000000001e-06,76.0,0.005,0.02,17.1264816219745,0.1570875495672226,0.0,13.6114559173584
HAL_065,HAL,05-2023,0,5982.944,169.2796286787574,3.48,5.005e-05,99.0,0.005,0.02,35.402633288674,0.11,7.3294,14.4964714050293
HAL_077,HAL,05-2023,1,374.63,36.94205552742904,3.295,0.00014,93.0,0.005,4.841,5.067926760525,0.61,0.072,13.37953662872314
HAL_029,HAL,05-2023,0,79.014,1205.743204394741,5.73,0.0001,0.0,0.005,66.884,1.7475319216775,0.6688590049743652,0.0625,10.69067859649658
HAL_003,HAL,05-2023,0,129.228,57.09690633685425,3.58,0.0001,41.0,0.0125,0.02,4.971485048143499,0.0977972373366355,0.0625,11.3495044708252
HAL_023,HAL,05-2023,0,104.273,191.0390827235926,2.74,0.0001,7.0,0.005,0.02,2.609101414467,0.1657715737819672,0.0625,11.04452323913574
HAL_117,HAL,05-2023,0,655.071,35.89893318132768,3.01,5.2e-06,39.0,0.005,0.0625,2.2302300354245,1.641840100288391,0.0625,10.66334533691406
HAL_205,HAL,05-2023,0,70.823,423.884434457374,3.17,1e-06,23.0,0.005,42.83,10.132407979025,2.92,0.0625,10.03395652770996
HAL_017,HAL,05-2023,0,121.5,896.4930039160456,14.88,5.75e-06,0.0,0.005,142.444,1.6718904700115,8.848143577575684,0.0625,10.43229579925537
HAL_055,HAL,05-2023,0,202.068,317.8532495662178,4.29,5.005e-05,3.0,0.005,34.775,1.936768374985,0.1706489622592926,0.0625,10.63599491119385
HAL_163,HAL,05-2023,0,514.76,438.0099676897532,8.889999999999999,6.250000000000001e-06,14.0,0.005,5.719,16.849412242563,0.1609711647033691,0.0625,11.23006439208984
HAL_165,HAL,05-2023,0,56.902,1182.621525777013,4.08,1e-07,58.0,0.005,42.622,2.845384179048,4.775796890258789,0.0625,12.83795261383057
HAL_155,HAL,05-2023,0,149.268,7.58894796837516,3.95,1.1e-05,3.0,0.005,2.892,3.3710376204795,0.5566768050193787,0.0625,10.89709949493408
HAL_159,HAL,05-2023,0,166.095,229.3943537015373,6.21,6.250000000000001e-06,2.0,3.722,0.02,11.1205369804505,0.134492889046669,0.0625,9.895076751708984
HAL_087,HAL,05-2023,0,271.557,7.707851678416774,1.12,0.0001,3.0,0.005,0.02,5.316376216559,0.1722604483366013,0.0625,9.651968002319336
HAL_001,HAL,05-2023,1,110.846,103.2389914367858,2.19,1e-07,36.0,0.005,187.847,3.099465378724,2.56646466255188,0.1809,9.847359657287598
HAL_013,HAL,05-2023,0,93.009,13.27655356662736,1.58,6.250000000000001e-06,18.0,0.005,105.824,1.720371282024,3.944921731948853,0.0625,9.823480606079102
HAL_125,HAL,05-2023,0,40.095,640.5058733969296,10.26,5.005e-05,0.0,0.005,158.17,4.140411978472001,4.67,0.0625,10.95146942138672
HAL_031,HAL,05-2023,1,82.265,204.5389384986027,5.17,5.005e-05,0.0,0.005,12.848,3.4659803175385,4.163797378540039,0.0625,9.96655559539795
HAL_093,HAL,05-2023,0,106.524,137.2704765843793,4.180000000000001,1e-06,24.0,0.005,0.02,7.432264806584,4.288656711578369,0.0625,10.55775833129883
HAL_103,HAL,07-2023,1,1009.5,145.5995974642816,2.88,0.00066,15.0,0.005,0.02,5.8248211890505,0.17,0.0975,10.5029125213623
HAL_199,HAL,07-2023,1,1017.9,82.47863618217009,3.8806,0.0061,28.0,0.005,0.0625,5.312856517739499,0.1650174558162689,0.0625,10.46761798858643
HAL_075,HAL,07-2023,0,284.542,66.46642144510729,4.76,0.00014,34.0,0.005,0.02,8.697832263235,0.4763199687004089,0.0625,10.18820095062256
HAL_085,HAL,07-2023,0,268.076,268.6647167421796,3.7,0.0001,53.0,0.005,2.819,2.919077585499,0.1817184537649155,0.3158,11.16830062866211
HAL_027,HAL,07-2023,0,84.5,656.9384433113248,3.08,1e-06,71.0,0.005,0.02,5.947367022566,0.26,0.6589,12.2
HAL_073,HAL,07-2023,1,222.812,354.728204555396,1.81,0.0001,0.0,0.005,0.02,3.765402516548,0.1254967451095581,0.5444,11.04839611053467
HAL_203,HAL,07-2023,0,531.504,435.0480134202555,1.91,0.003,12.0,0.005,4.574,6.197450097708,0.1808230578899384,0.1797,11.01740169525146
HAL_097,HAL,07-2023,0,355.338,153.9897848313722,1.15,1e-07,0.0,0.005,0.02,32.703245141257,6.95,0.0625,9.551939010620115
HAL_161,HAL,07-2023,0,242.719,361.7855581833633,5.42,1.1e-05,13.0,0.005,0.02,34.765850197682,0.1719793528318405,0.665,13.31307983398438
HAL_175,HAL,07-2023,1,101.243,592.2808665100757,9.34,5.75e-06,50.0,0.005,0.02,4.677078579755,0.1470335274934769,0.0625,12.38833522796631
HAL_173,HAL,07-2023,0,82.962,73.712006430051,2.29,1e-07,57.0,0.005,0.02,6.3104652611,0.2051467299461365,0.0625,11.99527072906494
HAL_191,HAL,07-2023,0,172.753,715.15115356744,2.92,5.75e-06,63.0,0.005,0.02,8.5855754236145,0.7326573729515076,0.0625,14.17404747009277
HAL_195,HAL,07-2023,1,753.441,589.2704419881298,4.16,1e-06,55.0,0.005,14.996,3.898804428983,1.868887782096863,1.2598,11.99147605895996
HAL_217,HAL,07-2023,1,124.575,215.5693424159683,5.07,5.005e-05,49.0,0.005,32.306,2.622291734608,6.2274169921875,0.8371,13.0909252166748
HAL_197,HAL,07-2023,1,178.332,777.3594260839873,3.04,1e-07,38.0,0.005,12.779,6.2382464925325,0.1806361973285675,0.083,10.90487098693848
HAL_115,HAL,07-2023,1,158.321,1094.75272664442,4.67,1e-07,50.0,0.005,40.638,3.9952600642445,2.296327590942383,0.1644,11.67541027069092
HAL_171,HAL,07-2023,0,144.977,948.0405863429608,8.71,1.5e-06,65.0,0.0125,0.02,20.931261886054,4.46,0.0625,13.22433567047119
HAL_215,HAL,07-2023,0,178.577,809.8867065430074,1.09,1e-06,75.0,0.005,0.0625,10.1370730993945,0.1242123171687126,0.0625,13.86793422698975
HAL_213,HAL,07-2023,0,126.425,1326.91779442306,3.85,6.250000000000001e-06,62.0,6.87,0.02,24.263543029944,0.2635398209095001,0.0625,14.29382419586182
HAL_127,HAL,07-2023,1,478.465,1164.289173126903,3.71,1e-06,64.0,0.005,22.67,4.7458937918645,6.21,0.0625,13.04266166687012
HAL_019,HAL,07-2023,0,248.116,2209.0482607605,7.085,5.005e-05,0.0,0.005,87.121,2.9435468779005,4.483338832855225,0.02,10.71799659729004
HAL_099,HAL,07-2023,0,105.999,86.61796571985829,2.28,5.5e-06,22.0,0.005,32.847,8.142248966488,1.863239169120789,0.02,10.49899196624756
HAL_157,HAL,07-2023,0,661.876,833.2226505812577,3.48,1e-07,25.0,0.005,31.356,12.134206695534,1.29324996471405,0.02,11.7937068939209
HAL_005,HAL,07-2023,0,96.239,68.86297253334438,11.67,0.0001,35.0,0.005,0.02,2.6932501904285,0.1301701366901398,0.02,11.84703350067139
HAL_037,HAL,07-2023,0,0.384,158.83805035758,5.75,0.0001,9.0,0.005,9.952,2.369873164658,0.290558934211731,0.0827,11.11032199859619
HAL_147,HAL,07-2023,0,175.776,43.18335688769564,3.52,0.0001,9.0,0.005,0.02,5.8627729796805,0.2417155504226685,0.0625,10.72969818115234
HAL_025,HAL,07-2023,0,129.462,357.5814586352928,9.39,0.0001,0.0,0.005,0.02,2.4951603564085,0.2095253765583038,0.02,11.2840404510498
HAL_033,HAL,07-2023,0,116.877,58.242760931874,1.88,5.005e-05,49.0,0.005,22.162,2.68154779495,0.1750931590795517,0.0625,12.4522819519043
HAL_131,HAL,07-2023,0,91.536,1733.488171776952,16.34,0.00067,58.0,0.005,0.02,4.1912920994855,0.1537443250417709,0.0625,12.51239776611328
HAL_219,HAL,07-2023,0,201.903,1737.947546672846,12.045,1.5e-06,22.0,0.005,0.02,4.1551702544825,0.2763361632823944,0.02,14.33731269836426
HAL_181,HAL,07-2023,0,127.561,555.6664688921155,8.68,5.5e-06,39.0,0.005,117.79,6.7117751852655,2.295301675796509,0.02,11.72505474090576
HAL_121,HAL,07-2023,0,205.306,1175.329525001532,6.2,5.005e-05,62.0,0.0,36.589,2.7078683942115,5.106897830963135,0.0625,13.1057653427124
HAL_221,HAL,07-2023,0,130.219,1745.311170114695,12.18,1e-07,94.0,0.005,6.621,2.4479377906565,0.8462426662445068,0.0625,13.17990493774414
HAL_035,HAL,07-2023,0,110.414,733.9058472557854,4.36,0.0001,15.0,0.005,0.02,4.596034061753,0.0856979414820671,0.02,10.624267578125
HAL_149,HAL,07-2023,0,106.5,384.9748724315975,5.81,0.0001,84.0,0.005,0.02,3.660597187039,0.1100660413503647,0.02,12.938551902771
HAL_141,HAL,07-2023,1,95.566,199.4340114443625,2.47,5.005e-05,47.0,0.005,0.02,3.0911458775195,0.1521440446376801,0.02,11.11032199859619
HAL_123,HAL,07-2023,0,49.817,1087.005062939456,1.89,1e-07,96.0,0.005,22.81,3.74847017919,0.0967627018690109,0.1225,14.21763324737549
HAL_189,HAL,07-2023,0,177.492,569.0684399358801,4.38,5.5e-06,59.0,0.005,53.83,6.2968759567065,3.32,0.0625,12.73341178894043
HAL_177,HAL,07-2023,0,187.246,1505.298456188087,13.61,5.5e-06,87.0,0.005,4.078,7.556886086239,0.361351490020752,0.0625,12.84168243408203
HAL_011,HAL,07-2023,0,143.312,936.4156762569502,6.890000000000001,5.5e-06,53.0,0.005,53.505,5.358655001291501,2.400817394256592,0.0625,12.66234683990479
HAL_151,HAL,07-2023,0,168.177,117.9534824335153,4.26,0.0001,76.0,0.005,51.364,3.9980655061785,4.768163681030273,0.4583,12.57243251800537
HAL_007,HAL,07-2023,1,43.476,374.554018193933,2.86,0.0001,69.0,0.005,11.338,3.687690350894,2.060465812683105,0.0625,13.82039928436279
HAL_223,HAL,07-2023,0,108.031,806.4788532460091,4.4,5.5e-06,55.0,0.005,13.112,3.454532492699,7.73,0.0625,11.8
HAL_095,HAL,07-2023,0,241.003,5.354708555620362,1.77,0.0001,0.0,0.005,0.02,3.8627278543015,0.0948456525802612,0.0625,10.75309371948242
HAL_049,HAL,07-2023,0,219.561,216.5807135764871,2.1,0.003,15.0,0.0125,5.038,2.4117447415435,0.1220590323209763,0.2112,10.93594169616699
HAL_183,HAL,07-2023,0,133.245,30.88967171322295,3.42,5.5e-06,50.0,0.005,0.0625,6.2263126836965,0.0795226246118545,0.0625,11.82037734985352
HAL_059,HAL,07-2023,0,74.656,25.27460789945738,2.94,1e-07,8.0,0.005,14.905,2.519010173053,0.8237259984016418,0.02,12.57618236541748
HAL_067,HAL,07-2023,0,58.526,76.55824624505546,5.720000000000001,5.5e-06,1.0,0.005,16.347,2.486526858071,0.7916474938392639,0.0625,11.27247905731201
HAL_057,HAL,07-2023,0,204.11,862.2069129696265,9.4,5.5e-06,0.0,0.005,70.606,5.047795658059,2.173876762390137,0.02,11.30716037750244
HAL_047,HAL,07-2023,0,169.733,1226.916557189977,9.09,5.5e-06,0.0,0.005,99.218,7.2363928269235,6.870063304901123,0.0625,10.72579765319824
HAL_009,HAL,07-2023,0,38.781,33.49068352350159,1.52,0.003,11.0,0.005,0.02,3.4461624495685,0.0743318945169448,0.0625,10.74529647827148
HAL_053,HAL,07-2023,0,1453.619,524.6044442994854,2.51,0.003,0.0,0.005,7.752,2.7675374383915,0.1618567109107971,0.2272,9.97449016571045
HAL_039,HAL,07-2023,0,174.545,223.5577855378523,3.0,0.0001,0.0,0.005,0.02,4.384144871215,0.2189866602420807,0.0625,11.16443824768066
HAL_051,HAL,07-2023,1,1133.492,124.4396831841399,3.63,0.003,2.0,0.005,0.02,3.3503145970975,0.2509238421916962,0.0625,10.63599491119385
HAL_063,HAL,07-2023,0,187.425,473.6310480396645,3.0,0.003,0.0,0.005,0.0625,2.585358162751,0.1767885833978653,0.0625,10.80763626098633
HAL_071,HAL,07-2023,0,107.975,43.75702337927813,1.26,0.003,4.0,0.0125,0.02,8.000978999898,0.1656328737735748,0.129,10.49899196624756
HAL_091,HAL,07-2023,0,306.081,140.7152306069329,1.98,1.1e-05,55.0,0.005,0.02,4.568114930222,4.7,0.0625,13.60410976409912
HAL_079,HAL,07-2023,0,231.375,15.3951367913322,2.98,6.250000000000001e-06,75.0,0.0125,0.02,4.872156479921999,2.44,1.5755,12.9
HAL_083,HAL,07-2023,0,379.055,70.90258739835352,5.63,5.5e-06,4.0,8.8,0.02,5.170494580411,0.1336380541324615,0.2063,12.61366367340088
HAL_107,HAL,07-2023,0,245.366,42.54791069509957,4.01,0.0001,78.0,0.0125,0.02,4.5735157619655,0.1453001648187637,2.8457,12.38833522796631
HAL_109,HAL,07-2023,0,222.125,10.40919328507311,4.56,0.0001,69.0,0.005,0.02,3.112467948259,0.1931847333908081,0.5311,11.91170692443848
HAL_089,HAL,07-2023,0,909.755,114.1656726765306,1.615,1e-07,94.0,187.99,0.02,135.2631368998375,0.0426277257502079,29.5,13.38322639465332
HAL_061,HAL,07-2023,0,276.45,784.385938883143,3.79,2.165e-05,90.0,0.0125,0.02,33.28604594747375,0.18,0.0625,13.1
HAL_015,HAL,07-2023,0,791.996,341.1036286437134,4.98,6.250000000000001e-06,76.0,0.005,0.02,14.968158755178,0.0969647839665412,0.0625,14.40609741210938
HAL_065,HAL,07-2023,0,904.171,169.2796286787574,3.59,5.005e-05,99.0,0.005,0.02,10.041369386353,0.0936777368187904,0.2173,14.07584762573242
HAL_077,HAL,07-2023,1,469.103,36.94205552742904,3.575,0.00014,93.0,0.005,0.0625,7.667480309890999,0.4585957825183868,1.3743,16.11974906921387
HAL_029,HAL,07-2023,0,78.808,1205.743204394741,5.74,0.0001,0.0,0.005,43.685,1.854398130724,0.2375800162553787,0.02,10.56950283050537
HAL_003,HAL,07-2023,0,121.736,57.09690633685425,3.78,0.0001,41.0,0.005,0.02,2.5843506245945,0.1268200725317001,0.02,11.9345121383667
HAL_023,HAL,07-2023,0,98.442,191.0390827235926,2.84,0.0001,7.0,0.005,0.02,2.7177728859125,0.0988679304718971,0.02,11.19533252716064
HAL_165,HAL,07-2023,0,49.12,1182.621525777013,4.23,1e-07,58.0,0.005,40.661,2.7791793103765,4.594914436340332,0.02,12.66983222961426
HAL_001,HAL,07-2023,1,95.466,103.2389914367858,2.59,1e-07,36.0,0.005,169.904,3.2870426249515,2.714722394943237,0.2414,10.93982410430908
HAL_013,HAL,07-2023,0,83.75,13.27655356662736,1.8,6.250000000000001e-06,18.0,0.005,93.515,2.2001617286785,3.442752361297607,0.0625,9.906997680664062
HAL_125,HAL,07-2023,0,40.928,640.5058733969296,10.42,5.005e-05,0.0,0.005,159.065,2.4430033458335,6.78,0.1207,10.80374240875244
HAL_155,HAL,07-2023,0,146.549,7.58894796837516,4.64,1.1e-05,3.0,0.005,3.718,3.903972835019,0.1957329660654068,0.0625,10.78037357330322
HAL_055,HAL,07-2023,0,204.621,317.8532495662178,4.64,5.005e-05,3.0,0.005,32.166,2.3533573713435,0.1924864798784256,0.1131,10.62817764282227
HAL_017,HAL,07-2023,0,113.73,896.4930039160456,14.89,5.75e-06,0.0,0.005,129.838,2.025700978562,7.629168510437012,0.0625,10.42836952209473
HAL_087,HAL,07-2023,1,250.253,7.707851678416774,2.12,0.0001,3.0,0.005,0.0625,5.514104254038,0.1072778925299644,0.02,10.17240619659424
HAL_043,HAL,07-2023,1,116.744,1027.890124759141,8.48,1e-07,5.0,0.005,58.312,2.538334968507,6.141573429107666,0.02,11.31101131439209
HAL_041,HAL,07-2023,0,100.121,1400.063925962034,6.27,5.005e-05,3.0,0.005,46.666,2.13569708769,1.579012155532837,0.0625,10.34190082550049
HAL_205,HAL,07-2023,0,61.786,423.884434457374,3.94,1e-06,23.0,0.005,42.532,7.4223423601885,0.1072778925299644,0.02,10.74529647827148
HAL_163,HAL,07-2023,0,485.992,438.0099676897532,9.94,6.250000000000001e-06,14.0,0.005,6.358,15.614143802331,0.7963812947273254,0.0625,11.09484767913818
HAL_159,HAL,07-2023,0,166.823,229.3943537015373,6.45,6.250000000000001e-06,2.0,0.0125,0.02,12.359090636147,0.090135209262371,0.0266,9.938772201538086
HAL_117,HAL,07-2023,1,728.546,35.89893318132768,3.63,5.2e-06,39.0,0.005,0.0625,2.509746518342,0.6366522908210754,0.0625,12.00665473937988
HAL_045,HAL,07-2023,0,120.807,1169.061270848854,11.27,0.0001,0.0,0.005,132.884,2.585037744256,6.399482727050781,0.0625,10.73749828338623
HAL_021,HAL,07-2023,1,126.889,1892.839669849744,7.56,0.0001,0.0,0.005,70.532,2.430418019391,0.3446088433265686,0.0625,10.66334533691406
HAL_031,HAL,07-2023,0,80.17,204.5389384986027,5.48,5.005e-05,0.0,0.005,13.222,3.8063413195925,4.049759387969971,0.02,10.79984855651855
HAL_093,HAL,07-2023,0,125.496,137.2704765843793,4.42,1e-06,24.0,0.005,0.02,5.849422209055501,3.589727878570557,0.02,10.66725063323975
HAL_105,HAL,07-2023,0,411.422,238.4476618612745,8.43,5.005e-05,78.0,0.005,52.619,4.556238084674,2.968176603317261,0.0625,12.87896156311035
MUC_002,MUC,04-2022,1,18.917,290.0,5.89,0.0138131482526659,0.0,0.05,8.168,1.310461318374,7.88,0.2643,14.76666666666667
MUC_006,MUC,04-2022,1,8.185,54.0,3.669999999999999,0.0216449033468961,0.0,0.07,3.368,1.7023338886775,6.09,0.01815,6.800752299172538
MUC_007,MUC,04-2022,1,8.082,80.0,2.67,0.0146315833553671,0.0,0.1,3.646,1.532242435877,6.21,0.001,11.47257542610168
MUC_008,MUC,04-2022,1,17.244,269.0,2.94,0.0223839618265628,0.0,0.06,7.053,1.3668003349155,8.07,0.201,9.05341339111328
MUC_009,MUC,04-2022,1,42.51,390.0,1.82,0.0223085600882768,0.0,0.05,19.826,0.854741699811,7.79,0.0011,12.29003779093424
MUC_012,MUC,04-2022,1,73.474,2341.0,3.95,0.0107243675738573,100.0,0.05,29.21,1.1676712177065,8.27,0.02125,12.67251046498617
MUC_014,MUC,04-2022,1,56.517,2704.0,4.3,0.0150594105944037,100.0,0.04,20.77,1.3203004212685,7.96,0.00045,13.86304632822672
MUC_015,MUC,04-2022,1,15.316,260.0,3.3,0.0141217233613133,0.0,0.06,7.424,1.4359778298845,8.87,0.1108,9.165061950683594
MUC_018,MUC,04-2022,0,23.433,261.0,4.06,0.0152496397495269,2.0,0.06,8.513,1.277519349567,8.49,0.2257,9.853885841369628
MUC_020,MUC,04-2022,1,32.333,98.0,2.54,0.0123115982860326,0.0,0.04,10.887,1.500560332699,5.57,0.0216,7.679479797681172
MUC_021,MUC,04-2022,1,43.665,30.0,2.69,0.0124097764492034,0.0,0.03,10.945,1.1662898421945,5.65,0.0066,8.07277743021647
MUC_023,MUC,04-2022,1,36.803,650.0,3.06,0.0133623778820037,61.0,0.05,10.894,1.04990575768,7.67,0.01825,9.8399113741788
MUC_026,MUC,04-2022,1,38.203,1610.0,5.4,0.0097422543913126,0.0,0.02,12.135,1.175674881842,7.32,0.1464,11.56428681887113
MUC_031,MUC,04-2022,1,58.11,820.0,5.390000000000001,0.0134663200005888,100.0,0.07,18.274,1.374381912089,8.43,1.0626,14.54501549402873
MUC_033,MUC,04-2022,1,12.342,3240.0,5.6,0.0120441690087318,40.0,0.03,10.622,0.9263206137835,5.99,0.5905,12.31519508361816
MUC_034,MUC,04-2022,1,55.796,1312.0,5.69,0.0125234834849834,43.0,0.07,21.213,1.4737929845255,7.75,0.00825,12.51969024113246
MUC_035,MUC,04-2022,0,61.465,1727.0,2.39,0.0112173873931169,95.0,0.05,10.685,1.0132641326985,3.48,0.00175,14.2211778865141
MUC_039,MUC,04-2022,1,35.511,150.0,4.41,0.0111000351607799,0.0,0.05,31.704,2.313275987516,4.76,0.001,9.88890282313029
MUC_043,MUC,04-2022,0,37.019,1763.0,4.100000000000001,0.0092677809298038,0.0,0.05,11.909,1.289126741022,5.99,0.00255,11.06290641197791
MUC_044,MUC,04-2022,1,40.742,1234.0,6.38,0.0118444906547665,0.0,0.05,9.146,1.072436248091,9.02,0.0025,10.04899749755859
MUC_047,MUC,04-2022,1,28.364,980.0,1.95,0.0091081140562891,0.0,0.05,25.1,1.536028428021,5.18,0.001,8.584617137908936
MUC_048,MUC,04-2022,1,48.717,10.0,3.01,0.0150615563616156,0.0,0.09,19.09,1.0258116269325,6.84,0.1872,10.77185906861958
MUC_050,MUC,04-2022,1,68.327,980.0,8.719999999999999,0.011398559436202,100.0,0.04,16.469,0.978784104583,6.79,0.0958,14.58305331638881
MUC_051,MUC,04-2022,0,68.484,899.0,6.149999999999999,0.0109456069767475,83.0,0.06,17.787,1.1803913838795,7.12,0.01805,13.34776075681051
MUC_054,MUC,04-2022,1,47.333,1479.0,4.869999999999999,0.0084154279902577,64.0,0.05,26.243,1.4500026284855,6.94,0.5849,13.43989842732747
MUC_055,MUC,04-2022,1,10.342,3450.0,10.82,0.0075372075662016,16.0,0.025,11.699,0.9496696970905,9.34,0.0051,10.0716552734375
MUC_056,MUC,04-2022,1,9.735,1771.0,6.149999999999999,0.0057204198092222,0.0,0.04,8.014,1.4299918693325,0.77,0.00455,9.637604131698607
MUC_059,MUC,04-2022,1,51.965,170.0,10.13,0.0120407659560441,16.0,0.12,18.578,0.930493518976,8.28,0.1407,12.21054871877035
MUC_061,MUC,04-2022,1,57.168,1200.0,11.2,0.0082366010174155,20.0,0.03,8.2,1.0794742284195,8.29,0.00385,13.22491566340129
MUC_063,MUC,04-2022,1,48.937,2330.0,7.26,0.007332167122513,27.0,0.11,15.455,1.06985895952,7.96,0.0017,11.51536901791891
MUC_064,MUC,04-2022,1,67.227,2059.0,10.5,0.006828729994595,0.0,0.03,22.262,1.178751000459,7.29,0.03785,12.20857334136963
MUC_065,MUC,04-2022,1,157.156,1120.0,12.67,0.0073375054635107,45.0,0.09,15.923,1.272326400883,7.96,0.00275,12.82443952560425
MUC_067,MUC,04-2022,1,56.364,580.0,7.41,0.0049309008754789,0.0,0.025,15.303,1.085533734427,8.37,0.0025,11.38741207122803
MUC_068,MUC,04-2022,0,42.676,2970.0,6.7,0.0066017727367579,72.0,0.06,18.912,1.085258738376,9.1,0.0167,11.12094123546894
MUC_071,MUC,04-2022,1,48.793,70.0,6.65,0.0072837527841329,0.0,0.025,18.454,0.947274673344,8.88,0.00115,10.39126287187849
MUC_072,MUC,04-2022,1,17.306,1161.0,6.75,0.0111484993249177,77.0,0.05,6.705,0.889858055998,7.25,0.4528,14.23252214704241
MUC_074,MUC,04-2022,0,38.375,1538.0,9.9,0.0067503894679248,100.0,0.05,15.638,1.0756306789625,8.3,0.0083,11.18868132999965
MUC_076,MUC,04-2022,0,51.197,2190.0,11.98,0.0056284009478986,45.0,0.04,12.316,0.916833250024,8.76,0.0055,11.63226250239781
MUC_077,MUC,04-2022,1,47.785,2227.0,5.84,0.0092177363112568,85.0,0.08,19.782,1.0178175556825,7.36,0.00255,13.53198725836618
MUC_078,MUC,04-2022,0,34.102,2060.0,6.27,0.0071268430911004,41.0,0.05,15.68,1.043094808975,7.77,0.0306,12.10992926359177
MUC_080,MUC,04-2022,1,68.186,1120.0,6.98,0.0137409698218107,78.0,0.04,21.032,1.5048291667465,6.78,0.0303,16.74247074127197
MUC_081,MUC,04-2022,1,20.767,403.0,6.15,0.0090848980471491,45.0,0.03,18.044,0.7974306042054999,8.19,0.01335,10.84079849720001
MUC_084,MUC,04-2022,0,65.108,1850.0,7.470000000000001,0.0094155995175242,100.0,0.03,20.554,0.9937458083345,6.91,0.2445,15.56795215606689
MUC_086,MUC,04-2022,1,30.579,320.0,9.87,0.0121638411656022,29.0,0.05,15.957,0.911090309238,9.31,0.01175,9.4571834044023
MUC_087,MUC,04-2022,1,72.067,970.0,7.02,0.0086714904755353,75.0,0.04,13.063,0.8728882415485,7.43,0.00605,11.90574180378633
MUC_097,MUC,04-2022,1,40.72,1398.0,12.26,0.0092945555225014,60.0,0.04,27.013,1.1446482925065,7.22,0.00245,10.90750203813825
MUC_098,MUC,04-2022,1,46.984,1500.0,2.77,0.0044657858088612,0.0,0.11,25.662,0.91515769269,7.17,0.0292,10.80309506825038
MUC_099,MUC,04-2022,1,62.701,2089.0,11.65,0.0122057162225246,100.0,0.04,21.028,0.989528136343,6.99,0.0923,14.59406731345437
MUC_101,MUC,04-2022,0,28.792,1717.0,7.89,0.0107850302010774,100.0,0.05,16.622,1.0027631207045,5.52,0.0024,13.15765391455756
MUC_104,MUC,04-2022,1,16.993,1060.0,10.92,0.0154935773462057,85.0,0.1,16.688,0.8799773839330001,9.06,0.01415,10.10487006260798
MUC_112,MUC,04-2022,1,29.672,1557.0,20.49,0.0118750873953104,95.0,0.05,15.7,0.8270342488585001,8.8,0.01375,12.1626615524292
MUC_113,MUC,04-2022,1,83.147,2683.0,5.33,0.0134894270449876,23.0,0.05,19.671,1.129833679666,8.91,0.01665,12.09692049026489
MUC_115,MUC,04-2022,1,82.9,1640.0,9.2,0.007942946627736,65.0,0.06,21.598,1.032363567729,7.27,0.1898,16.01065254211426
MUC_118,MUC,04-2022,0,2.077,2170.0,23.97,0.0128465788438916,0.0,0.06,13.889,0.8534018934695,9.67,0.00655,9.122486305236816
MUC_120,MUC,04-2022,0,42.813,3036.0,12.29,0.0029796303715556,57.0,0.04,13.796,0.9823558556175,8.94,0.00345,11.52687797546387
MUC_121,MUC,04-2022,0,11.681,2083.0,21.96,0.0121732773259282,42.0,0.05,18.015,0.998379172031,8.67,0.01075,11.8054830233256
MUC_124,MUC,04-2022,0,8.481,1740.0,23.82,0.0140972025692462,99.0,0.05,19.889,0.938321313544,9.45,0.00275,9.239027214050292
MUC_127,MUC,04-2022,1,40.301,3633.0,20.0,0.0191875733435153,39.0,0.07,13.166,0.935360309553,9.16,0.0034,9.333326276143392
MUC_128,MUC,04-2022,1,101.651,4046.0,22.05,0.0169613920152187,75.0,0.08,11.845,1.106484596359,9.16,0.0031,9.115251223246256
MUC_130,MUC,04-2022,0,23.879,920.0,25.2,0.0134423477575182,96.0,0.08,21.477,0.8827305420715,9.47,0.0031,10.63236045837402
MUC_133,MUC,04-2022,0,9.107,3970.0,27.72,0.0121023468673229,0.0,0.06,17.509,0.8198971420465,8.12,0.0097,9.222567367553712
MUC_134,MUC,04-2022,0,9.242,3330.0,27.47,0.0119975814595818,0.0,0.04,23.075,0.8666848422585001,9.1,0.00425,9.20716026851109
MUC_142,MUC,04-2022,0,8.956,2430.0,34.34,0.0119711030274629,0.0,0.06,20.881,0.8699783996135,8.17,0.0098,9.409745488848005
MUC_149,MUC,04-2022,0,31.222,3751.0,31.21,0.009378851391375,0.0,0.04,24.023,0.947306649629,8.12,0.00485,9.724506139755247
MUC_154,MUC,04-2022,1,22.091,2928.0,36.01000000000001,0.0094888107851147,0.0,0.06,15.103,0.940873021087,4.14,0.00265,9.50748332341512
MUC_168,MUC,04-2022,1,52.67,849.0,3.97,0.0117291500791907,77.0,0.06,12.391,1.137488802295,6.66,0.02155,11.3487567504247
MUC_369,MUC,04-2022,1,25.772,730.0,2.57,0.0079135773703455,0.0,0.05,12.162,1.575090657777,3.41,0.0052,8.302452632359095
MUC_456,MUC,04-2022,1,54.828,2690.0,13.71,0.0153859294950962,0.0,0.05,15.872,0.8350539011365,8.92,0.0014,10.59133076667786
MUC_465,MUC,04-2022,1,33.657,2640.0,13.95,0.0144947273656725,0.0,0.05,27.434,0.91995413544,8.47,0.0039,10.39364198537973
MUC_763,MUC,04-2022,1,36.674,670.0,1.27,0.0198675654828548,32.0,0.04,26.487,1.587286412876,5.18,0.001,8.604434490203857
MUC_773,MUC,04-2022,1,37.372,1420.0,1.6,0.0105420211330056,0.0,0.05,26.049,1.0931856594275,7.69,0.001,8.6682341893514
MUC_935,MUC,04-2022,1,48.146,1180.0,1.28,0.0108150504529476,0.0,0.07,13.408,2.1403258548365,3.88,0.001,9.596894264221191
MUC_000,MUC,07-2020,1,47.588,1146.0,6.36,0.0325124859809875,37.0,0.025,14.172,1.21355566852,0.1,0.125,15.0
MUC_002,MUC,07-2020,1,13.02,290.0,3.51,0.0138131482526659,0.0,0.025,7.543,1.459785523216,0.1259999999999999,0.1185,15.57
MUC_006,MUC,07-2020,1,4.57,54.0,4.51,0.0216449033468961,0.0,0.221,1.868,1.964291533832,0.1,0.125,15.88
MUC_007,MUC,07-2020,1,4.216,80.0,3.87,0.0146315833553671,0.0,0.025,2.637,1.263593200616,3.0,0.125,17.28
MUC_008,MUC,07-2020,1,4.286,269.0,3.3,0.0223839618265628,0.0,0.146,1.663,1.316557409688,1.648,0.082,123.83
MUC_009,MUC,07-2020,1,6.124,390.0,4.46,0.0223085600882768,0.0,0.025,2.782,1.044308532256,1.597,0.125,11.41
MUC_014,MUC,07-2020,1,36.318,2704.0,5.14,0.0150594105944037,100.0,0.025,25.102,1.627254425368,4.529999999999999,0.125,17.06
MUC_015,MUC,07-2020,1,11.909,260.0,5.5,0.0141217233613133,0.0,0.025,6.533,1.423782456872,1.946,0.0975,12.49
MUC_016,MUC,07-2020,1,43.528,60.0,3.98,0.0094851311296224,0.0,0.025,27.088,1.68806015292,5.800000000000001,0.125,12.5
MUC_018,MUC,07-2020,1,10.662,261.0,4.59,0.0152496397495269,2.0,0.025,5.056,0.98957843792,2.58,0.099,12.62
MUC_020,MUC,07-2020,1,28.902,98.0,2.83,0.0123115982860326,0.0,0.025,8.44,0.762736274584,1.1999999999999995,0.125,14.29
MUC_023,MUC,07-2020,1,51.496,650.0,4.05,0.0133623778820037,61.0,0.025,13.785,0.8126503182,7.130000000000001,0.125,12.2
MUC_026,MUC,07-2020,1,33.604,1610.0,5.81,0.0097422543913126,0.0,0.025,10.584,1.121180111056,7.67,0.125,12.59
MUC_028,MUC,07-2020,1,35.924,383.0,4.48,0.0137303043156862,100.0,0.025,25.067,1.730163550176,0.1,0.702,15.1
MUC_029,MUC,07-2020,1,114.177,709.0,4.9,0.0116861024871468,61.0,0.025,30.0,0.953143161896,1.4099999999999997,0.462,16.38
MUC_031,MUC,07-2020,1,35.417,820.0,5.18,0.0134663200005888,100.0,0.025,14.018,1.108275564896,5.152000000000001,0.125,16.47
MUC_032,MUC,07-2020,1,4.879,130.0,4.26,0.0147453090175986,0.0,0.025,3.329,1.573160296704,3.0,0.125,15.0
MUC_033,MUC,07-2020,1,26.393,3240.0,6.41,0.0120441690087318,40.0,0.025,10.343,0.8827300306,0.3,0.476,13.3
MUC_034,MUC,07-2020,1,30.161,1312.0,5.08,0.0125234834849834,43.0,0.025,22.89,2.13508845052,5.525,0.125,14.7
MUC_047,MUC,07-2020,1,12.192,980.0,2.86,0.0091081140562891,0.0,0.025,9.772,1.061084442264,0.98,0.125,11.51
MUC_049,MUC,07-2020,1,62.255,1330.0,7.79,0.0124097391963005,5.0,0.025,23.448,0.72518960224,6.144,1.336,16.65
MUC_054,MUC,07-2020,1,39.581,1479.0,4.71,0.0084154279902577,64.0,0.025,24.915,0.989745147368,5.4,0.352,13.29
MUC_055,MUC,07-2020,1,15.525,3450.0,11.11,0.0075372075662016,16.0,0.025,12.845,0.919103562384,11.16,0.125,9.3
MUC_057,MUC,07-2020,0,50.043,2110.0,9.0,0.0079488279297947,100.0,0.025,21.193,0.852456829728,2.6,0.09,16.3
MUC_061,MUC,07-2020,1,38.171,1200.0,10.64,0.0082366010174155,20.0,0.025,10.953,1.128879617784,6.1,0.125,13.1
MUC_062,MUC,07-2020,1,88.776,2797.0,8.1,0.0119234817102551,0.0,0.025,17.715,0.690631351112,6.236000000000001,0.125,12.99
MUC_063,MUC,07-2020,1,45.746,2330.0,6.49,0.007332167122513,27.0,0.025,18.216,1.29530504228,6.23,0.125,11.4
MUC_064,MUC,07-2020,1,80.037,2059.0,11.22,0.006828729994595,0.0,0.025,21.235,0.905279027048,7.290000000000001,0.125,12.0
MUC_065,MUC,07-2020,0,41.614,1120.0,11.88,0.0073375054635107,45.0,0.025,6.414,0.741835849344,7.130000000000001,0.125,12.2
MUC_066,MUC,07-2020,0,69.69,1640.0,7.16,0.0103513104841113,100.0,0.025,12.798,1.163444043336,5.235000000000001,0.125,14.86
MUC_068,MUC,07-2020,1,38.635,2970.0,6.02,0.0066017727367579,72.0,0.025,18.175,0.766070463544,4.57,0.125,11.7
MUC_072,MUC,07-2020,1,15.302,1161.0,6.53,0.0111484993249177,77.0,0.025,8.021,0.76300794924,2.89,0.303,15.11
MUC_074,MUC,07-2020,1,42.604,1538.0,9.14,0.0067503894679248,100.0,0.049,15.726,0.793682487672,7.460000000000001,0.125,11.06
MUC_076,MUC,07-2020,0,28.654,2190.0,11.08,0.0056284009478986,45.0,0.025,13.863,1.449579200344,10.53,0.125,11.5
MUC_080,MUC,07-2020,1,47.271,1120.0,7.47,0.0137409698218107,78.0,0.025,18.354,1.018054881408,1.7099999999999995,0.125,17.0
MUC_081,MUC,07-2020,1,22.749,403.0,6.67,0.0090848980471491,45.0,0.056,16.786,0.81505834356,7.300000000000001,0.125,10.9
MUC_086,MUC,07-2020,0,34.012,320.0,9.15,0.0121638411656022,29.0,0.196,15.017,0.627318807416,7.18,0.125,12.55
MUC_087,MUC,07-2020,1,54.867,970.0,6.52,0.0086714904755353,75.0,0.025,13.254,0.957119490952,7.27,0.125,11.6
MUC_089,MUC,07-2020,0,59.81,1640.0,8.05,0.0103513104841113,100.0,0.17,13.54,1.22636759832,4.209999999999999,0.125,11.4
MUC_090,MUC,07-2020,1,45.707,3170.0,9.72,0.0050735115073621,39.0,0.025,15.393,0.867071691336,6.52,0.125,11.1
MUC_093,MUC,07-2020,1,51.249,820.0,15.0,0.0121969524770975,100.0,0.025,12.425,0.836903455672,7.9,0.125,12.9
MUC_097,MUC,07-2020,1,60.058,1398.0,8.78,0.0092945555225014,60.0,0.025,13.555,1.075637559632,8.8,0.125,11.5
MUC_098,MUC,07-2020,1,43.112,1500.0,3.55,0.0044657858088612,0.0,0.025,27.376,0.889700955296,5.720000000000001,0.125,12.3
MUC_099,MUC,07-2020,0,49.615,2089.0,11.09,0.0122057162225246,100.0,0.025,21.823,1.149242868136,5.68,0.125,14.51
MUC_100,MUC,07-2020,1,30.588,2157.0,5.55,0.0070948405191302,0.0,0.025,11.729,0.553935778176,3.66,0.125,13.0
MUC_101,MUC,07-2020,0,24.524,1717.0,6.72,0.0107850302010774,100.0,0.049,15.831,0.832853033528,4.18,0.125,12.93
MUC_103,MUC,07-2020,1,23.022,700.0,9.86,0.0148454513400793,89.0,0.025,13.812,2.566921490656,9.9,0.125,11.8
MUC_104,MUC,07-2020,1,24.219,1060.0,10.97,0.0154935773462057,85.0,0.025,15.302,0.618810451144,9.01,0.125,9.9
MUC_109,MUC,07-2020,1,60.553,433.0,4.38,0.0156156122684478,52.0,0.025,19.603,0.951932974792,1.1199999999999997,0.358,13.5
MUC_111,MUC,07-2020,1,32.767,981.0,20.11,0.011876318603754,7.0,0.025,17.538,0.849548676024,8.32,0.125,10.9
MUC_112,MUC,07-2020,1,38.942,1557.0,19.2,0.0118750873953104,95.0,0.025,14.029,0.70533882908,8.17,0.125,12.2
MUC_113,MUC,07-2020,0,74.521,2683.0,4.95,0.0134894270449876,23.0,0.025,16.574,0.717804991136,2.45,0.125,15.52
MUC_118,MUC,07-2020,0,1.601,2170.0,24.17,0.0128465788438916,0.0,0.025,24.5,0.712550556312,10.01,0.125,8.8
MUC_120,MUC,07-2020,1,37.62,3036.0,11.64,0.0029796303715556,57.0,0.025,16.918,0.67999281856,10.32,0.125,11.44
MUC_121,MUC,07-2020,0,17.948,2083.0,20.14,0.0121732773259282,42.0,0.025,16.004,0.602108634224,8.06,0.125,11.65
MUC_124,MUC,07-2020,0,6.887,1740.0,23.76,0.0140972025692462,99.0,0.025,21.627,0.722664262824,9.09,0.125,9.0
MUC_127,MUC,07-2020,0,69.255,3633.0,18.85,0.0191875733435153,39.0,0.025,12.784,0.773282190776,9.04,0.125,9.25
MUC_128,MUC,07-2020,1,58.818,4046.0,21.7,0.0169613920152187,75.0,0.025,12.3,0.582523361296,8.120000000000001,0.125,9.0
MUC_129,MUC,07-2020,1,7.394,3520.0,23.34,0.0121381087228655,0.0,0.025,20.331,0.600873749424,4.16,0.125,8.99
MUC_130,MUC,07-2020,0,25.711,920.0,25.54,0.0134423477575182,96.0,0.025,21.434,1.535990264224,9.1,0.125,10.4
MUC_133,MUC,07-2020,0,11.173,3970.0,28.06,0.0121023468673229,0.0,0.025,19.472,6.920173393306,6.5,0.125,8.98
MUC_140,MUC,07-2020,0,7.765,2860.0,30.88,0.0119565790519118,0.0,0.05,18.061,0.811304293768,9.74,0.125,9.21
MUC_149,MUC,07-2020,1,34.334,3751.0,30.67,0.009378851391375,0.0,0.025,24.065,0.736266518896,9.72,0.125,9.74
MUC_158,MUC,07-2020,0,22.456,1802.0,41.9,0.0112705901265144,0.0,0.025,12.521,0.485072427304,10.4,0.125,8.93
VIE_001,VIE,11-2021,0,17.8748,173.17,3.71,0.015308274,32.96981374,0.9475,0.04,1.691,0.096,0.007,13.45
VIE_002,VIE,09-2021,0,82.0916,1259.48,3.99,0.0103,35.89865298,0.01,55.0506,1.717,0.241,0.016,15.15
VIE_003,VIE,10-2021,1,411.2756,701.76,7.27,0.0005,70.17843389,0.01,21.133,2.786,0.575,0.025,20.85
VIE_004,VIE,11-2021,0,36.0804,144.63,0.99,0.015534008,13.6720154,0.01,0.04,1.035,0.154,0.025,12.1
VIE_005,VIE,11-2021,1,87.448,1306.0,4.76,0.009757476,42.39525945,0.01,16.2027,1.024,4.31,0.014,15.0
VIE_006,VIE,11-2021,0,55.8863,96.75,3.69,0.0103,7.391276459,0.01,0.6878,1.245,0.282,0.595,23.95
VIE_007,VIE,10-2021,1,135.9451,628.45,3.54,0.000255,31.18770019,0.01,22.2052,1.649,6.36,0.006,13.475
VIE_008,VIE,11-2021,0,29.9277,49.03,2.33,0.015920301,12.67008328,0.103,0.036,1.591,0.195,0.006,14.6
VIE_009,VIE,10-2021,0,72.9811,685.62,8.7,0.0005,46.13808606,0.0623,51.1474,2.11,2.09,0.091,20.5
VIE_010,VIE,10-2021,1,13.6416,74.52,8.75,0.010685671,4.539203085,0.01,3.3424,2.919,1.22,0.125,16.3
VIE_011,VIE,10-2021,1,13.6679,67.45,6.23,0.002358008,9.780628608,0.01,4.5682,2.85,1.39,0.072,16.55
VIE_012,VIE,10-2021,1,192.385,156.43,9.63,0.001967245,84.57509628,2.9871,54.4414,6.221,0.291,0.803,17.8
VIE_013,VIE,11-2021,1,108.5029,1594.57,5.59,0.00609818,53.38446727,0.01,15.8499,0.6596,1.71,0.013,14.5
VIE_014,VIE,10-2021,1,102.9476,790.11,4.96,0.003793315,40.3117304,0.01,32.5691,0.7583,5.91,0.029,15.05
VIE_015,VIE,10-2021,1,71.616,630.34,5.1,0.006524416,70.36929994,0.01,73.7186,0.7038,4.05,0.01,14.9
VIE_016,VIE,10-2021,1,107.421,1013.51,6.02,0.000255,84.50032031,0.01,23.9265,1.692,6.09,0.01,16.0
VIE_017,VIE,10-2021,1,83.6515,904.64,6.19,0.004100768,81.6880205,0.01,10.9476,1.352,5.98,0.021,15.85
VIE_018,VIE,10-2021,1,152.9529,607.87,11.82,0.002068,79.97113534,0.01,66.9747,0.7258,8.79,0.065,14.95
VIE_019,VIE,10-2021,0,26.3352,293.47,16.98,1e-06,64.61868202,1.1186,0.1447,2.887,0.197,0.01,15.3
VIE_020,VIE,10-2021,0,66.5338,100.08,16.48,1e-06,0.537869063,1.4902,0.04,14.55,0.151,0.227,13.65
VIE_021,VIE,10-2021,1,277.0853,629.45,5.83,1e-06,62.25899743,0.01,36.0861,1.885,3.75,0.013,15.35
VIE_022,VIE,11-2021,0,334.0,433.31,11.82,0.002068,37.94140373,233.0,0.8,34.8,0.338,3.1,22.05
VIE_023,VIE,10-2021,0,192.0873,645.84,5.69,0.002068,54.07495195,0.01,42.2421,2.591,3.83,0.049,22.7
VIE_024,VIE,11-2021,1,66.0112,109.35,13.03,0.002068,42.02115385,0.01,45.528,0.9122,8.45,0.032,12.8
VIE_025,VIE,09-2021,0,60.4073,198.96,5.6,0.0103,50.37843012,0.01,1.2577,1.62,0.171,0.011,14.3
VIE_026,VIE,11-2021,0,139.7905,274.84,6.44,0.0103,64.98588839,0.01,27.6239,1.451,0.325,0.014,15.7
VIE_027,VIE,11-2021,0,195.9015,401.84,5.475,0.01026694,82.28443306,0.01,52.2241,1.61,2.48,0.027,16.2
VIE_028,VIE,11-2021,0,80.2566,198.96,5.6,0.0103,50.37843012,0.053,2.5523,1.559,0.121,0.033,13.3
VIE_029,VIE,09-2021,1,146.7066,1149.79,7.545,0.002068,51.96282051,0.01,60.4899,1.382,4.89,0.019,16.3
VIE_030,VIE,09-2021,1,120.3875,1767.23,4.34,0.009237807,49.60641026,0.01,60.5387,1.608,0.251,0.006,19.55
VIE_031,VIE,11-2021,0,80.8457,417.7,3.89,0.0103,53.00385604,0.01,56.8059,2.302,0.192,0.023,13.85
VIE_032,VIE,11-2021,1,118.9275,391.01,3.91,0.0103,43.24919717,0.01,308.5363,2.907,1.65,0.089,15.7
VIE_033,VIE,10-2021,1,183.9702,67.53,6.9,0.0005,79.86354901,0.01,61.9046,0.6941,4.68,0.01,16.1
VIE_034,VIE,11-2021,0,89.8261,701.12,3.25,0.005167916,26.1957638,0.01,73.5435,1.68,5.84,0.033,18.2
VIE_035,VIE,11-2021,0,151.8862,785.77,6.465,0.0103,52.34038462,0.01,72.1157,1.419,1.65,0.018,15.95
VIE_036,VIE,11-2021,1,61.8495,45.76,18.94,0.002068,21.79666453,0.01,62.2748,1.888,5.88,0.055,13.05
VIE_037,VIE,11-2021,1,81.1359,1000.17,7.17,0.006271268,18.42356688,0.01,23.316,0.9823,4.19,0.009,13.05
VIE_038,VIE,10-2021,1,256.2361,865.09,4.645,0.0005,43.08023107,0.01,23.0289,3.061,3.4,0.044,18.2
VIE_039,VIE,10-2021,1,91.5647,70.62,5.31,0.0005,24.50610148,0.01,9.9579,1.323,2.41,0.01,13.45
VIE_040,VIE,10-2021,0,90.5455,167.71,10.81,1e-06,61.24855862,0.0824,25.5861,1.399,3.63,0.033,21.700000000000003
VIE_041,VIE,10-2021,0,199.7176,9.18,6.88,1e-06,74.54737516,0.01,30.9944,1.594,1.72,0.011,20.85
VIE_042,VIE,11-2021,0,35.7315,55.49,4.37,0.0005,2.803833866,0.01,0.5891,2.439,0.207,0.007,12.3
VIE_043,VIE,10-2021,1,180.7462,11.88,7.42,0.0005,63.18350384,0.2426,31.806,1.958,5.5,0.033,15.3
VIE_044,VIE,09-2021,0,29.4636,1361.69,7.77,0.0005,60.46109325,0.0335,1.0492,0.5,0.266,0.039,15.35
VIE_045,VIE,11-2021,1,79.2617,1313.21,4.56,0.009467773,53.4599102,0.01,28.1994,1.266,3.16,0.012,14.45
VIE_046,VIE,09-2021,0,316.1033,242.61,22.07,0.0005,47.69206146,0.01,43.9982,1.435,9.09,0.009,15.4
VIE_047,VIE,11-2021,1,108.2581,1327.24,5.57,0.005029723,46.36007702,0.01,39.5812,0.8748,5.77,0.02,15.05
VIE_048,VIE,11-2021,1,57.1195,260.77,3.925,0.006485171,53.27471117,0.01,7.3087,0.88,0.712,0.012,14.1
VIE_049,VIE,11-2021,1,92.3306,530.6,2.04,0.0103,0.0,0.01,7.8349,0.803,0.882,0.019,13.85
VIE_050,VIE,11-2021,1,22.0237,95.29,5.89,0.002068,58.95527157,0.01,1.8454,0.6811,0.17,0.025,13.05
VIE_051,VIE,11-2021,1,78.712,110.85,5.67,0.002068,50.81975625,0.01,12.1494,0.7017,2.16,0.114,13.7
VIE_052,VIE,10-2021,1,54.0625,844.01,5.82,0.002068,82.9320077,0.01,6.436,0.7675,6.9,0.026,15.2
VIE_053,VIE,12-2021,1,28.5895,114.19,6.08,0.001790585,37.31109686,0.01,15.772,0.7113,2.2,0.101,12.5
VIE_054,VIE,11-2021,0,101.7588,143.27,5.64,0.002068,82.16816431,0.1586,14.9542,1.104,0.146,0.006,15.7
VIE_055,VIE,12-2021,1,19.6955,315.17,7.94,0.002068,59.19396275,0.01,7.8054,0.7601,2.34,0.03,12.25
VIE_056,VIE,10-2021,1,41.8488,408.5,6.0,0.002926811,27.61923077,0.01,2.6417,1.259,0.168,0.023,15.15
VIE_057,VIE,11-2021,1,125.2178,1550.4,5.73,0.006936181,73.60526316,0.01,15.9611,1.802,1.3,0.013,14.55
VIE_058,VIE,10-2021,1,151.453,664.31,5.35,0.00452443,62.04554201,0.01,39.8248,2.006,3.11,0.01,14.85
VIE_059,VIE,11-2021,1,156.0851,134.48,10.8,0.006795583,0.696794872,0.01,108.0194,5.131,4.69,0.043,12.1
VIE_060,VIE,11-2021,1,86.354,1924.64,5.653,0.012439081,59.59607843,0.01,19.8409,0.9122,0.911,0.02,16.65
VIE_061,VIE,10-2021,0,199.6452,627.02,12.28,0.001557928,94.74150096,0.01,92.8252,0.9429,8.37,0.199,18.55
VIE_062,VIE,10-2021,1,105.7027,62.29,7.02,0.003214076,2.219371392,0.01,26.3127,0.9401,8.47,0.018,13.1
VIE_063,VIE,10-2021,0,42.9314,203.04,6.55,0.002770957,28.34509301,0.01,4.113,3.217,0.109,0.032,16.35
VIE_064,VIE,11-2021,1,88.3603,652.32,5.89,0.008685223,32.9125964,0.01,29.7797,0.8021,6.8,0.027,14.6
VIE_065,VIE,10-2021,1,19.1089,65.03,10.47,0.00249846,14.4599102,0.3185,0.6884,1.832,0.16,0.021,16.25
VIE_066,VIE,10-2021,1,13.6441,66.93,14.45,0.0024709,6.758997429,0.9437,0.04,1.736,0.179,0.015,15.15
VIE_067,VIE,10-2021,0,36.6644,228.42,5.65,0.003376849,38.99487179,4.1094,0.04,3.203,0.102,0.057,16.200000000000003
VIE_068,VIE,11-2021,1,115.1646,201.07,7.04,0.003018145,25.31065469,0.01,40.6851,1.165,4.09,0.01,12.95
VIE_069,VIE,10-2021,1,87.0922,92.1,4.47,0.00829818,32.65300896,0.01,4.9225,0.8621,1.25,0.033,15.5
VIE_070,VIE,10-2021,0,99.8419,61.25,5.08,0.0046001,27.85558408,44.0,1.0944,26.56,0.126,0.03,15.2
VIE_071,VIE,11-2021,1,14.4424,39.96,7.51,0.002142948,27.99422336,1.5775,0.04,1.933,0.19,0.055,14.8
VIE_072,VIE,11-2021,0,64.8056,127.17,3.43,0.004391331,47.44736842,0.9435,0.7652,1.799,0.169,0.014,14.2
VIE_073,VIE,11-2021,1,28.1609,36.49,2.91,0.016463952,0.0,0.01,0.04,1.087,0.48,0.02,16.0
VIE_074,VIE,11-2021,0,29.5434,372.84,2.46,0.016089004,0.0,0.01,0.04,0.6841,0.208,0.008,12.8
VIE_075,VIE,11-2021,1,115.6335,392.22,6.47,0.007126098,1.81341853,0.01,35.1536,0.8313,4.4,0.01,13.15
VIE_076,VIE,11-2021,0,109.8001,714.11,4.67,0.012306892,69.47307692,0.01,5.4667,0.8021,0.204,0.01,15.0
VIE_077,VIE,10-2021,1,75.801,907.85,4.98,0.011375896,45.56390495,0.01,21.5355,0.6973,4.66,0.034,15.1
VIE_078,VIE,11-2021,1,89.7588,492.5,5.89,0.008527218,5.958413308,0.01,36.0959,1.071,6.73,0.014,13.65
VIE_079,VIE,11-2021,1,55.081,4.74,1.02,0.015732562,12.60641026,0.0032,0.2411,1.725,0.12,0.025,13.15
VIE_080,VIE,11-2021,0,54.0316,17.27,1.32,0.015698056,11.85375241,0.8545,0.04,1.634,0.183,0.004,15.0
VIE_081,VIE,11-2021,0,32.8321,202.42,4.1,0.005752132,47.54393842,0.01,0.04,1.092,0.131,0.006,12.8
VIE_082,VIE,11-2021,1,66.4584,73.49,4.14,0.016146898,13.68525641,0.01,0.04,1.493,0.34,0.014,12.95
VIE_083,VIE,11-2021,0,16.3788,26.52,10.03,0.006415703,28.8275641,0.4015,0.04,0.9597,0.185,0.023,13.0
VIE_084,VIE,11-2021,0,19.3968,28.12,4.21,0.012943193,3.481077614,1.1075,0.04,2.423,0.237,0.006,15.6
VIE_085,VIE,11-2021,1,27.4394,146.69,7.4,0.010265507,49.20654266,0.01,0.0683,1.272,1.5,0.038,13.95
VIE_086,VIE,11-2021,1,27.2811,33.28,4.51,0.005206352,25.46346154,0.0975,0.2574,0.7955,0.517,0.009,15.35
VIE_087,VIE,11-2021,1,161.9433,134.01,6.1,0.010531527,1.514175258,0.01,47.3157,0.9373,7.11,0.007,13.85
VIE_088,VIE,11-2021,1,125.8852,737.85,6.56,0.01189384,23.36112893,0.01,34.5719,0.602,5.66,0.008,13.1
VIE_089,VIE,11-2021,1,97.0529,798.08,5.2,0.007138416,62.07884615,0.01,28.4921,1.242,4.31,0.011,14.35
VIE_090,VIE,11-2021,1,27.7582,5.88,3.9,0.006947618,36.08681462,0.01,0.4294,1.534,5.31,0.005,9.25
VIE_091,VIE,11-2021,1,62.5082,429.69,2.53,0.008441608,47.07825529,0.01,20.1561,1.323,4.63,0.135,13.7
VIE_092,VIE,11-2021,0,28.0443,8.04,2.76,0.004747976,22.15147625,0.01,0.6235,1.313,0.666,0.038,13.2
VIE_093,VIE,11-2021,1,136.8564,710.36,6.13,0.004876566,61.35663887,0.01,33.8483,0.7731,6.89,0.008,14.15
VIE_094,VIE,10-2021,1,107.4196,731.43,5.28,0.005184317,31.02242152,0.01,45.9259,0.8777,4.29,0.01,15.05
VIE_095,VIE,11-2021,1,65.0724,116.77,5.12,0.003677772,0.130070831,0.01,73.4025,0.9955,7.6,0.014,11.6
VIE_096,VIE,11-2021,1,115.7204,822.27,4.6,0.010370076,12.42618742,0.01,48.1179,1.183,7.61,0.007,14.45
VIE_097,VIE,11-2021,0,21.1658,146.23,4.12,0.003353545,28.4488491,0.0128,1.0418,0.9384,0.127,0.041,15.15
VIE_098,VIE,11-2021,1,99.6899,40.9,6.15,0.005909032,14.21113244,0.5673,2.1732,1.255,0.164,0.006,15.35
VIE_099,VIE,10-2021,1,101.1233,479.13,4.87,0.008386956,43.97247119,0.3768,1.9916,1.991,0.11,0.007,15.85
VIE_100,VIE,11-2021,0,84.4622,837.07,4.68,0.012700709,69.04041052,0.01,9.0438,0.7732,0.127,0.046,14.25
VIE_101,VIE,11-2021,1,74.1333,1178.63,4.98,0.0095921,36.08542068,0.01,24.1521,0.9004,3.12,0.015,14.35
VIE_102,VIE,11-2021,1,26.1772,69.16,3.51,0.013661357,25.64056483,1.3857,0.0521,1.279,0.15,0.004,14.55
VIE_103,VIE,10-2021,0,165.7335,259.34,15.25,1e-06,24.33333333,6.494,42.9503,5.832,0.335,0.046,14.65
VIE_104,VIE,10-2021,0,204.5303,224.84,4.59,0.000255,55.3066068,0.01,35.6325,3.206,7.2,0.01,14.4
VIE_105,VIE,10-2021,0,93.0146,41.56,3.845,0.002068,19.94932649,0.01,12.7264,0.8998,0.696,0.019,14.55
VIE_106,VIE,10-2021,0,95.3448,1383.42,4.33,0.000255,78.01282874,0.0612,22.2929,1.668,0.157,0.024,15.0
VIE_107,VIE,10-2021,1,30.9605,64.26,7.265,0.00348959,38.43810135,0.01,2.7813,0.6368,0.128,0.007,13.95
VIE_108,VIE,11-2021,1,111.6036,722.32,4.89,0.002068,73.99358974,0.01,24.4343,0.677,1.54,0.022,16.0
VIE_109,VIE,10-2021,0,149.6999,315.46,6.81,0.001853032,92.41730769,0.01,54.5961,1.041,2.65,0.981,13.55
VIE_110,VIE,09-2021,0,119.7356,628.8,12.1,0.0005,92.49839228,0.01,88.7422,0.6427,3.87,0.035,17.5
VIE_111,VIE,10-2021,1,212.3269,587.55,14.67,0.001826769,98.51604621,0.01,110.9449,1.035,8.03,0.157,16.85
VIE_112,VIE,11-2021,1,176.4936,422.23,14.2,0.001868889,96.04303147,0.01,111.8133,0.7226,7.78,0.128,18.8
VIE_113,VIE,10-2021,1,25.6897,524.07,10.3,0.001616416,84.96909208,0.01,12.8317,0.5944,8.99,0.274,14.75
VIE_114,VIE,11-2021,1,96.5582,450.01,10.5,0.002068,77.1665599,0.01,59.0066,0.7621,8.96,0.029,14.95
VIE_115,VIE,10-2021,1,173.502,329.05,5.9,0.003839028,66.48459564,0.01,91.5777,1.709,1.79,0.115,16.85
VIE_116,VIE,10-2021,1,150.7518,946.3,9.875,0.002068,75.87219011,0.01,48.8256,1.854,2.55,0.02,15.95
VIE_117,VIE,11-2021,1,150.672,879.93,5.12,0.002068,81.56931964,0.01,9.5649,1.409,0.507,0.029,16.0
VIE_118,VIE,11-2021,1,154.0346,1707.56,14.62,0.0005,62.41666667,0.01,109.7697,0.812,7.74,0.023,15.8
VIE_119,VIE,10-2021,1,13.0757,120.59,10.68,0.00213731,5.751777634,0.539,3.7612,2.768,0.291,0.099,13.8
VIE_120,VIE,10-2021,1,40.648,119.55,9.7,0.001191402,76.97959184,0.01,0.04,0.962,7.8,1.62,16.25
VIE_121,VIE,10-2021,1,320.4964,612.53,5.38,0.002068,83.07964033,0.01,33.9223,1.519,5.92,0.091,18.25
VIE_122,VIE,11-2021,1,147.613,234.61,9.28,0.00182241,83.38831836,12.6037,5.6007,13.56,0.323,1.55,16.950000000000003
VIE_123,VIE,10-2021,0,78.31,877.85,5.92,0.002068,80.78741169,0.01,22.6578,0.889,0.601,0.047,16.0
VIE_124,VIE,12-2021,1,47.7734,960.37,5.53,0.002068,73.80500321,0.01,12.0702,0.7962,3.578,0.098,15.7
VIE_125,VIE,12-2021,1,47.759,985.84,4.88,0.002068,84.42379421,0.01,9.4795,0.8511,1.36,0.032,14.95
VIE_126,VIE,12-2021,1,59.5201,970.98,5.51,0.002068,61.56262042,0.01,11.1903,0.5742,0.29,0.04,16.9
VIE_127,VIE,12-2021,1,46.5373,901.98,5.42,0.002068,75.06213965,0.01,12.925,0.7401,3.8,0.133,16.8
VIE_128,VIE,12-2021,1,40.9896,914.28,5.33,0.002068,62.53851091,0.01,12.1877,0.6685,5.1,0.074,16.25
VIE_129,VIE,12-2021,1,43.6651,921.54,5.43,0.002068,63.97430957,0.01,11.8559,0.6795,4.74,0.06,16.5
VIE_130,VIE,12-2021,1,45.5678,931.73,5.36,0.002068,66.69082745,0.01,12.0114,0.5553,2.75,0.042,15.45
VIE_131,VIE,09-2021,1,326.1898,893.48,7.79,0.001694619,83.49004496,0.01,50.3634,1.138,7.9,0.299,21.1
VIE_132,VIE,11-2021,0,291.3492,270.75,10.07,0.001978314,83.74406671,0.1339,40.6583,1.394,6.98,0.094,18.45
VIE_133,VIE,10-2021,0,84.596,596.57,5.41,0.002068,53.86939821,0.01,18.3872,1.08,2.08,0.03,14.7
VIE_134,VIE,11-2021,1,76.7094,1576.91,5.31,0.004731798,46.12620115,0.01,20.6828,1.028,6.11,0.006,14.75
VIE_135,VIE,10-2021,0,71.2914,285.21,5.3,0.002871028,17.29641485,0.0578,3.3068,2.972,0.78,0.026,14.85
VIE_136,VIE,10-2021,1,100.7137,26.38,9.0,0.000743633,71.41255605,0.01,53.3768,0.7577,2.75,0.345,15.45
VIE_137,VIE,10-2021,0,81.6219,905.53,16.98,0.002068,54.11545863,0.01,39.0412,1.406,1.44,0.013,14.5
VIE_138,VIE,11-2021,1,21.8707,23.73,3.745,0.014533731,14.08472401,0.1375,0.04,1.175,0.197,0.017,17.5
VIE_139,VIE,10-2021,1,12.0061,13.36,8.99,0.003376716,16.63630532,0.1353,0.0595,3.824,0.307,0.051,13.2
VIE_140,VIE,11-2021,0,25.1998,546.9,4.29,0.008975522,4.48403576,0.01,0.1063,0.8372,0.165,0.009,12.8
VIE_141,VIE,11-2021,1,20.7087,165.25,6.63,0.010841931,0.104554201,0.01,0.04,1.047,0.175,0.008,11.8
VIE_142,VIE,11-2021,0,37.9148,106.12,3.88,0.009903367,0.0,0.01,0.04,1.327,0.169,0.007,12.35
VIE_143,VIE,10-2021,1,108.6427,19.38,3.27,0.000255,37.61770366,0.01,22.755,2.375,4.73,0.01,15.8
VIE_144,VIE,10-2021,1,57.4458,21.39,7.88,0.000622613,14.20012829,0.01,16.7143,2.1,4.34,0.059,14.55
VIE_145,VIE,09-2021,1,165.4074,149.93,6.4,0.001666592,86.75368826,0.01,103.0281,0.8346,1.44,0.02,13.75
VIE_146,VIE,10-2021,1,15.5345,15.7,3.76,0.00781752,9.527599487,1.003,0.04,4.124,0.117,0.012,13.85
VIE_147,VIE,11-2021,1,46.2887,1159.37,4.61,0.01107379,14.71666667,0.01,4.2216,0.8101,2.6,0.009,12.9
VIE_148,VIE,11-2021,1,190.7053,168.09,5.37,0.010233073,94.25271913,0.01,55.5859,1.505,0.34,0.099,16.950000000000003
VIE_149,VIE,09-2021,0,197.6028,190.59,5.69,0.0103,89.75224647,0.01,96.6705,2.011,0.528,0.099,17.3
VIE_150,VIE,11-2021,1,94.3978,10.88,3.71,0.005561,6.015394484,0.01,36.8835,0.723,7.38,0.007,15.15
VIE_151,VIE,10-2021,1,98.4389,368.32,4.79,0.00716816,23.30808729,0.01,38.4015,0.7051,5.66,0.009,13.5
VIE_152,VIE,10-2021,1,69.972,629.96,3.35,0.003940751,18.72197309,0.01,53.7785,0.6181,5.38,0.019,16.200000000000003
VIE_153,VIE,10-2021,1,96.2584,490.89,4.91,0.00714751,52.97503201,0.01,37.4196,1.043,7.48,0.01,15.5
VIE_154,VIE,11-2021,0,34.0116,432.39,4.0,0.015572269,0.0,0.01,1.1945,0.6687,0.318,0.024,12.5
VIE_174,VIE,10-2023,0,49.1,1325.73,7.32,0.002797615,0.0,0.007,58.5,1.353,7.66,0.01443,12.55
VIE_175,VIE,10-2023,1,44.4,1599.65,7.31,0.003124707,0.0,0.004,72.3,1.534,7.62,0.0009,13.0
VIE_176,VIE,10-2023,1,62.4,882.59,5.88,0.003444,0.0,0.004,52.3,1.878,6.42,0.0018,14.0
VIE_177,VIE,10-2023,1,61.9,1286.89,8.64,0.011668,1.058974359,0.004,62.1,1.529,7.56,0.00271,14.0
VIE_178,VIE,10-2023,1,43.2,362.49,5.7,0.008242719,2.996792816,0.003,64.3,1.427,7.22,0.02435,12.15
VIE_001,VIE,04-2022,0,24.3,173.17,3.56,0.015308274,32.96981374,0.87,1.29,1.519,0.153,0.00767,12.9
VIE_002,VIE,02-2022,0,83.7,1259.48,4.34,0.0103,35.89865298,0.01,55.55,1.952,0.133,0.00902,13.2
VIE_003,VIE,03-2022,1,420.79,701.76,7.74,0.0005,70.17843389,0.01,21.38,1.13,1.24,0.0143699999999999,20.45
VIE_004,VIE,04-2022,0,29.53,144.63,0.89,0.015534008,13.6720154,0.01,0.04,0.8992,0.174,0.02587,12.3
VIE_005,VIE,04-2022,1,97.61,1306.0,4.97,0.009757476,42.39525945,0.01,18.03,0.8793,4.37,0.01107,13.8
VIE_006,VIE,04-2022,0,53.91,96.75,3.79,0.0103,7.391276459,0.1,1.49,1.1,0.215,0.47433,23.05
VIE_007,VIE,03-2022,1,135.04,628.45,3.44,0.000255,31.18770019,0.01,27.6,0.9882,5.0,0.0059299999999999,14.5
VIE_008,VIE,03-2022,0,38.6,49.03,2.23,0.015920301,12.67008328,0.01,0.47,1.178,0.23,0.02176,12.0
VIE_009,VIE,02-2022,0,74.32,685.62,8.97,0.0005,46.13808606,0.01,51.43,0.89,2.72,0.0550099999999999,18.75
VIE_010,VIE,03-2022,1,22.55,74.52,8.62,0.010685671,4.539203085,0.01,7.12,1.188,5.07,0.10348,9.0
VIE_011,VIE,03-2022,1,21.92,67.45,5.94,0.002358008,9.780628608,0.01,8.0,1.331,6.9,0.0670699999999999,5.9
VIE_012,VIE,03-2022,0,203.29,156.43,9.59,0.001967245,84.57509628,3.47,52.61,5.396,0.204,0.80798,15.4
VIE_013,VIE,04-2022,1,101.66,1594.57,5.64,0.00609818,53.38446727,0.01,14.27,0.6286,1.61,0.03517,14.95
VIE_014,VIE,03-2022,1,105.94,790.11,5.06,0.003793315,40.3117304,0.01,30.41,0.7743,6.0,0.01629,13.2
VIE_016,VIE,03-2022,1,325.73,1013.51,6.59,0.000255,84.50032031,0.01,7.99,0.73,8.47,0.01286,14.4
VIE_017,VIE,03-2022,1,90.78,904.64,6.41,0.004100768,81.6880205,0.01,10.55,0.7889,4.2,0.01533,14.8
VIE_018,VIE,03-2022,0,156.35,607.87,11.78,0.002068,79.97113534,0.01,64.85,0.524,8.64,0.08911,14.2
VIE_019,VIE,03-2022,0,28.36,293.47,17.09,1e-06,64.61868202,1.11,0.71,1.09,0.194,0.00575,13.95
VIE_021,VIE,03-2022,1,310.92,629.45,5.85,1e-06,62.25899743,0.01,35.48,1.134,3.42,0.0135299999999999,14.95
VIE_023,VIE,03-2022,0,182.05,645.84,5.91,0.002068,54.07495195,0.01,42.81,0.9169,6.23,0.05341,20.35
VIE_024,VIE,04-2022,1,71.44,109.35,13.43,0.002068,42.02115385,0.01,50.16,0.8558,8.46,0.0225399999999999,13.45
VIE_025,VIE,02-2022,0,54.19,198.96,5.61,0.0103,50.37843012,0.01,6.24,1.106,0.15,0.0009,13.7
VIE_026,VIE,04-2022,1,187.3,274.84,6.56,0.0103,64.98588839,0.01,45.13,1.555,0.231,0.01443,16.299999999999997
VIE_027,VIE,04-2022,0,200.96,401.84,5.495,0.01026694,82.28443306,0.01,57.31,1.26,2.14,0.02525,17.15
VIE_029,VIE,02-2022,1,134.62,1149.79,7.705,0.002068,51.96282051,0.01,53.42,1.179,5.14,0.01172,13.4
VIE_030,VIE,02-2022,1,115.61,1767.23,4.7,0.009237807,49.60641026,0.01,57.19,1.65,0.222,0.0009,18.200000000000003
VIE_031,VIE,04-2022,1,85.95,417.7,3.81,0.0103,53.00385604,0.01,86.74,2.112,0.23,0.0225399999999999,13.2
VIE_032,VIE,04-2022,1,94.15,391.01,4.03,0.0103,43.24919717,0.01,326.5,2.576,1.8,0.05771,13.65
VIE_033,VIE,03-2022,1,177.0,67.53,7.15,0.0005,79.86354901,0.01,57.67,0.6964,4.43,0.0143699999999999,16.0
VIE_034,VIE,04-2022,1,96.03,701.12,3.63,0.005167916,26.1957638,0.01,70.77,1.268,6.25,0.0369699999999999,17.6
VIE_035,VIE,04-2022,1,140.76,785.77,6.705,0.0103,52.34038462,0.01,67.49,1.447,1.7,0.0207399999999999,16.450000000000003
VIE_036,VIE,03-2022,1,72.83,45.76,19.36,0.002068,21.79666453,0.01,67.46,1.472,6.54,0.04058,14.2
VIE_037,VIE,04-2022,1,82.36,1000.17,7.36,0.006271268,18.42356688,0.01,26.15,1.024,4.78,0.00767,12.65
VIE_038,VIE,03-2022,0,343.91,865.09,4.605,0.0005,43.08023107,0.01,27.04,1.506,3.39,0.04886,16.200000000000003
VIE_039,VIE,03-2022,1,88.31,70.62,5.32,0.0005,24.50610148,0.01,7.91,0.7486,3.85,0.0081199999999999,11.65
VIE_040,VIE,03-2022,0,78.08,167.71,11.25,1e-06,61.24855862,0.18,17.32,0.8807,2.95,0.03449,20.8
VIE_041,VIE,03-2022,1,191.56,9.18,7.13,1e-06,74.54737516,0.01,27.19,0.8963,2.1,0.00721,17.75
VIE_042,VIE,03-2022,0,31.56,55.49,4.31,0.0005,2.803833866,0.01,0.64,1.904,0.307,0.00541,9.95
VIE_043,VIE,03-2022,1,172.97,11.88,7.52,0.0005,63.18350384,0.01,24.82,1.096,4.5,0.07575,13.05
VIE_044,VIE,03-2022,0,32.37,1361.69,7.95,0.0005,60.46109325,0.01,1.01,0.4874,0.205,0.0081199999999999,13.0
VIE_045,VIE,04-2022,1,80.98,1313.21,4.74,0.009467773,53.4599102,0.01,28.57,0.8553,4.48,0.00937,15.1
VIE_046,VIE,03-2022,0,463.19,242.61,22.13,0.0005,47.69206146,0.01,44.0,1.464,8.75,0.00451,13.9
VIE_047,VIE,04-2022,1,113.55,1327.24,5.76,0.005029723,46.36007702,0.01,37.32,0.8971,5.88,0.01874,15.6
VIE_048,VIE,03-2022,1,62.64,260.77,3.685,0.006485171,53.27471117,0.01,8.02,0.7074,0.511,0.00992,15.1
VIE_049,VIE,04-2022,1,92.86,530.6,2.16,0.0103,0.0,0.01,9.22,0.7241,1.63,0.01894,13.2
VIE_050,VIE,03-2022,1,18.94,95.29,5.37,0.002068,58.95527157,0.01,0.73,0.7835,0.167,0.02345,13.75
VIE_051,VIE,03-2022,1,58.46,110.85,5.38,0.002068,50.81975625,0.01,8.67,0.8191,4.25,0.1064099999999999,13.75
VIE_052,VIE,03-2022,1,36.65,844.01,6.0,0.002068,82.9320077,0.01,6.8,0.5778,6.2,0.02435,16.5
VIE_053,VIE,03-2022,1,31.43,114.19,5.95,0.001790585,37.31109686,0.01,17.11,0.6819,4.6,0.1001,14.05
VIE_054,VIE,03-2022,0,99.68,143.27,5.61,0.002068,82.16816431,0.01,13.87,0.9734,0.236,0.00862,15.3
VIE_055,VIE,03-2022,0,20.49,315.17,7.4,0.002068,59.19396275,0.01,7.4,0.6288,3.6,0.03337,13.3
VIE_056,VIE,03-2022,1,73.07,408.5,6.2,0.002926811,27.61923077,0.01,6.72,1.061,0.266,0.01262,13.65
VIE_057,VIE,04-2022,1,111.52,1550.4,5.92,0.006936181,73.60526316,0.01,13.22,1.851,1.25,0.01022,13.15
VIE_058,VIE,03-2022,1,147.9,664.31,5.53,0.00452443,62.04554201,0.01,40.17,1.041,3.28,0.0081199999999999,13.15
VIE_059,VIE,04-2022,1,223.3,134.48,11.03,0.006795583,0.696794872,0.01,98.84,9.454,3.28,0.01789,11.85
VIE_060,VIE,04-2022,1,91.01,1924.64,5.863,0.012439081,59.59607843,0.01,20.94,0.9191,0.893,0.02214,14.5
VIE_061,VIE,03-2022,1,203.84,627.02,12.82,0.001557928,94.74150096,0.01,87.97,0.6102,8.51,0.206,17.3
VIE_062,VIE,04-2022,1,117.96,62.29,7.35,0.003214076,2.219371392,0.01,24.86,0.9091,8.5,0.01022,11.85
VIE_063,VIE,03-2022,0,57.2,203.04,6.48,0.002770957,28.34509301,0.01,6.35,1.459,0.174,0.0225399999999999,14.55
VIE_064,VIE,04-2022,1,93.06,652.32,6.1,0.008685223,32.9125964,0.01,23.57,0.7246,6.86,0.02044,13.7
VIE_065,VIE,03-2022,1,22.83,65.03,10.46,0.00249846,14.4599102,0.09,0.04,1.776,0.168,0.00721,14.95
VIE_066,VIE,03-2022,1,17.6,66.93,11.55,0.0024709,6.758997429,0.55,0.04,1.64,0.16,0.01262,13.1
VIE_067,VIE,03-2022,0,24.88,228.42,6.25,0.003376849,38.99487179,1.95,0.04,1.295,0.166,0.09378,12.85
VIE_068,VIE,04-2022,1,116.03,201.07,7.06,0.003018145,25.31065469,0.01,38.07,1.106,5.09,0.00937,13.9
VIE_069,VIE,04-2022,1,92.96,92.1,4.35,0.00829818,32.65300896,0.01,0.5,0.6826,7.7,0.0412,12.55
VIE_071,VIE,04-2022,1,21.59,39.96,7.42,0.002142948,27.99422336,1.31,0.21,1.301,0.258,0.09108,14.65
VIE_072,VIE,04-2022,1,78.5,127.17,3.57,0.004391331,47.44736842,0.52,0.04,1.454,0.13,0.04328,13.6
VIE_073,VIE,03-2022,1,32.64,36.49,3.01,0.016463952,0.0,0.01,1.06,0.7883,1.02,0.0187899999999999,11.9
VIE_074,VIE,03-2022,0,29.56,372.84,2.57,0.016089004,0.0,0.01,0.04,0.5636,0.153,0.0148399999999999,11.7
VIE_075,VIE,04-2022,1,114.05,392.22,6.87,0.007126098,1.81341853,0.01,33.24,0.9729,4.28,0.00937,12.5
VIE_076,VIE,04-2022,0,119.17,714.11,4.65,0.012306892,69.47307692,0.01,2.06,0.6668,0.197,0.01443,15.95
VIE_077,VIE,04-2022,1,75.64,907.85,4.99,0.011375896,45.56390495,0.01,16.51,0.5696,4.14,0.02976,14.85
VIE_078,VIE,04-2022,1,90.93,492.5,6.0,0.008527218,5.958413308,0.01,34.81,0.7862,6.62,0.01984,13.1
VIE_079,VIE,03-2022,1,52.05,4.74,0.92,0.015732562,12.60641026,0.01,1.0,1.777,0.308,0.0089,7.15
VIE_080,VIE,03-2022,1,57.85,17.27,1.23,0.015698056,11.85375241,0.71,0.04,1.723,0.194,0.00989,11.4
VIE_081,VIE,03-2022,0,33.92,202.42,3.84,0.005752132,47.54393842,0.04,0.04,1.273,0.203,0.0118699999999999,13.45
VIE_082,VIE,04-2022,1,56.9,73.49,3.92,0.016146898,13.68525641,0.01,0.04,1.138,0.353,0.01725,8.7
VIE_083,VIE,04-2022,0,17.68,26.52,10.04,0.006415703,28.8275641,0.21,0.41,1.042,0.304,0.02795,16.7
VIE_084,VIE,03-2022,1,18.56,28.12,4.11,0.012943193,3.481077614,0.96,0.04,1.846,0.234,0.00791,12.4
VIE_085,VIE,04-2022,1,72.07,146.69,6.74,0.010265507,49.20654266,0.01,0.04,0.969,0.18,0.023,14.1
VIE_086,VIE,04-2022,1,27.13,33.28,4.58,0.005206352,25.46346154,0.23,0.38,0.9854,1.4,0.01172,15.1
VIE_087,VIE,04-2022,1,151.71,134.01,6.13,0.010531527,1.514175258,0.01,35.12,0.8798,6.26,0.0068099999999999,11.8
VIE_088,VIE,03-2022,1,120.07,737.85,6.5,0.01189384,23.36112893,0.01,28.12,0.7354,5.86,0.0148399999999999,14.95
VIE_089,VIE,04-2022,1,94.84,798.08,5.35,0.007138416,62.07884615,0.01,25.83,0.8032,4.75,0.01623,14.45
VIE_090,VIE,04-2022,1,28.03,5.88,3.88,0.006947618,36.08681462,0.01,0.78,1.238,3.0,0.0081199999999999,13.25
VIE_091,VIE,04-2022,1,56.98,429.69,2.72,0.008441608,47.07825529,0.01,14.57,1.025,8.16,0.17043,12.8
VIE_092,VIE,04-2022,0,27.3,8.04,2.93,0.004747976,22.15147625,0.01,0.04,1.129,0.423,0.02587,10.55
VIE_093,VIE,04-2022,1,141.16,710.36,6.23,0.004876566,61.35663887,0.01,30.47,0.776,7.38,0.00596,15.1
VIE_094,VIE,03-2022,1,113.67,731.43,5.35,0.005184317,31.02242152,0.01,43.82,0.8751,7.02,0.0182,13.1
VIE_095,VIE,04-2022,1,66.57,116.77,5.08,0.003677772,0.130070831,0.01,71.74,1.106,7.57,0.01363,12.15
VIE_096,VIE,03-2022,1,111.31,822.27,4.65,0.010370076,12.42618742,0.01,47.94,0.8131,7.88,0.01385,13.75
VIE_097,VIE,04-2022,0,29.19,146.23,4.21,0.003353545,28.4488491,0.01,2.29,0.6383,0.46,0.0532,14.8
VIE_098,VIE,04-2022,1,96.58,40.9,6.24,0.005909032,14.21113244,0.35,0.04,1.158,0.229,0.01623,12.7
VIE_099,VIE,04-2022,0,69.87,479.13,4.94,0.008386956,43.97247119,0.14,0.52,1.233,0.18,0.00862,15.05
VIE_100,VIE,04-2022,0,80.49,837.07,4.71,0.012700709,69.04041052,0.01,6.69,0.624,0.16,0.02683,15.1
VIE_101,VIE,04-2022,1,74.16,1178.63,5.14,0.0095921,36.08542068,0.01,20.86,0.6983,5.47,0.00937,12.85
VIE_102,VIE,04-2022,1,23.98,69.16,3.43,0.013661357,25.64056483,1.18,0.04,1.269,0.133,0.00671,13.9
VIE_103,VIE,03-2022,0,154.41,259.34,15.35,1e-06,24.33333333,5.67,26.35,2.878,0.368,0.05044,15.25
VIE_104,VIE,03-2022,1,192.5,224.84,4.97,0.000255,55.3066068,0.01,38.06,1.398,5.86,0.00791,14.65
VIE_105,VIE,04-2022,1,91.99,41.56,3.945,0.002068,19.94932649,0.01,9.97,0.8593,2.21,0.0207399999999999,13.25
VIE_106,VIE,03-2022,0,144.63,1383.42,4.24,0.000255,78.01282874,0.01,31.73,0.9395,0.237,0.02525,13.4
VIE_107,VIE,04-2022,0,28.05,64.26,7.025,0.00348959,38.43810135,0.01,2.3,0.5457,0.209,0.01262,13.85
VIE_108,VIE,03-2022,1,117.13,722.32,4.92,0.002068,73.99358974,0.01,19.33,0.6898,1.88,0.01629,13.8
VIE_109,VIE,03-2022,1,162.16,315.46,6.67,0.001853032,92.41730769,0.01,52.18,0.941,3.44,0.92341,13.0
VIE_110,VIE,04-2022,0,104.62,628.8,12.7,0.0005,92.49839228,0.01,83.23,0.5734,4.58,0.04407,16.35
VIE_111,VIE,03-2022,1,196.73,587.55,15.03,0.001826769,98.51604621,0.01,105.4,0.9752,7.93,0.18875,15.55
VIE_112,VIE,03-2022,1,188.17,422.23,14.9,0.001868889,96.04303147,0.01,113.17,0.7962,7.5,0.1533,18.9
VIE_113,VIE,03-2022,1,21.99,524.07,10.3,0.001616416,84.96909208,0.01,11.38,0.4555,9.46,0.29702,14.6
VIE_114,VIE,03-2022,1,101.86,450.01,10.62,0.002068,77.1665599,0.01,61.08,0.4425,9.03,0.04024,14.9
VIE_115,VIE,03-2022,1,160.09,329.05,5.97,0.003839028,66.48459564,0.01,92.32,0.9656,0.597,0.0948499999999999,14.6
VIE_116,VIE,02-2022,1,168.81,946.3,9.935,0.002068,75.87219011,0.01,48.44,1.15,6.02,0.0135299999999999,12.5
VIE_117,VIE,03-2022,1,144.41,879.93,5.22,0.002068,81.56931964,0.01,10.85,1.287,0.672,0.0287399999999999,14.65
VIE_118,VIE,03-2022,1,155.05,1707.56,14.61,0.0005,62.41666667,0.01,107.6,0.7781,7.58,0.02395,15.65
VIE_119,VIE,03-2022,1,22.99,120.59,10.54,0.00213731,5.751777634,0.01,8.18,0.9417,5.65,0.06611,11.6
VIE_120,VIE,03-2022,0,59.02,119.55,10.0,0.001191402,76.97959184,0.01,32.65,0.6478,7.08,1.4834,15.2
VIE_121,VIE,03-2022,1,426.13,612.53,5.52,0.002068,83.07964033,0.01,37.3,1.362,7.07,0.08336,17.95
VIE_122,VIE,03-2022,0,159.75,234.61,9.52,0.00182241,83.38831836,14.43,3.38,4.945,0.43,1.63129,16.5
VIE_123,VIE,03-2022,1,78.21,877.85,5.9,0.002068,80.78741169,0.01,9.95,0.4573,2.66,0.03517,15.4
VIE_127,VIE,03-2022,1,55.14,901.98,5.39,0.002068,75.06213965,0.01,12.45,0.4582,4.77,0.12264,16.5
VIE_130,VIE,03-2022,1,51.12,931.73,5.32,0.002068,66.69082745,0.01,11.09,0.4417,2.54,0.0487,16.799999999999997
VIE_131,VIE,03-2022,1,304.65,893.48,8.15,0.001694619,83.49004496,0.01,42.12,1.029,8.1,0.27774,18.9
VIE_132,VIE,03-2022,1,312.83,270.75,10.21,0.001978314,83.74406671,0.01,43.89,0.9931,7.59,0.0496,19.2
VIE_133,VIE,03-2022,0,85.53,596.57,5.52,0.002068,53.86939821,0.01,19.53,0.7871,1.2,0.0297,13.95
VIE_134,VIE,04-2022,1,122.88,1576.91,5.47,0.004731798,46.12620115,0.01,30.12,0.8216,6.52,0.00937,14.8
VIE_135,VIE,03-2022,1,68.41,285.21,6.45,0.002871028,17.29641485,0.01,6.39,1.599,1.39,0.01533,11.4
VIE_136,VIE,03-2022,1,102.6,26.38,9.6,0.000743633,71.41255605,0.01,48.4,0.7317,3.27,0.31832,14.2
VIE_137,VIE,03-2022,0,84.35,905.53,17.36,0.002068,54.11545863,0.01,38.29,0.9214,11.15,0.01713,14.45
VIE_138,VIE,03-2022,1,36.67,23.73,3.615,0.014533731,14.08472401,0.01,0.22,0.9603,2.44,0.02571,9.3
VIE_139,VIE,03-2022,0,15.59,13.36,8.85,0.003376716,16.63630532,0.49,0.04,1.69,0.31,0.00575,11.85
VIE_140,VIE,03-2022,1,27.12,546.9,4.23,0.008975522,4.48403576,0.01,0.04,0.9771,0.133,0.01088,12.9
VIE_141,VIE,03-2022,1,16.92,165.25,6.45,0.010841931,0.104554201,0.01,0.04,0.9349,0.23,0.0089,12.9
VIE_142,VIE,03-2022,1,29.25,106.12,3.67,0.009903367,0.0,0.0,0.04,0.9771,0.313,0.01088,11.9
VIE_143,VIE,03-2022,1,120.38,19.38,3.37,0.000255,37.61770366,0.01,29.22,1.443,8.47,0.01713,13.0
VIE_144,VIE,03-2022,1,82.45,21.39,8.75,0.000622613,14.20012829,0.01,18.31,1.08,7.61,0.06944,16.0
VIE_145,VIE,03-2022,1,210.4,149.93,6.32,0.001666592,86.75368826,0.01,109.8,1.083,0.956,0.01082,14.45
VIE_146,VIE,03-2022,1,16.04,15.7,2.98,0.00781752,9.527599487,0.78,0.04,1.181,0.144,0.00575,11.5
VIE_147,VIE,03-2022,1,45.74,1159.37,4.73,0.01107379,14.71666667,0.01,3.94,0.5297,2.68,0.01681,13.2
VIE_148,VIE,03-2022,1,175.44,168.09,5.39,0.010233073,94.25271913,0.01,52.92,1.413,0.68,0.1120999999999999,15.9
VIE_149,VIE,02-2022,0,185.5,190.59,5.7,0.0103,89.75224647,0.01,80.28,1.887,0.469,0.04689,13.4
VIE_150,VIE,03-2022,1,93.06,10.88,3.79,0.005561,6.015394484,0.01,33.45,0.7889,7.44,0.00862,12.55
VIE_151,VIE,03-2022,1,102.53,368.32,4.87,0.00716816,23.30808729,0.01,44.99,0.7782,7.32,0.00671,12.65
VIE_152,VIE,03-2022,1,70.15,629.96,3.45,0.003940751,18.72197309,0.01,46.55,0.6416,6.02,0.0105399999999999,14.25
VIE_153,VIE,03-2022,1,90.86,490.89,5.01,0.00714751,52.97503201,0.01,38.12,0.8995,8.03,0.00958,13.25
VIE_154,VIE,03-2022,1,33.72,432.39,4.03,0.015572269,0.0,0.01,1.01,0.7172,0.288,0.02176,12.55
VIE_169,VIE,03-2022,1,188.96,433.65,5.48,0.001919257,84.22157996,0.01,65.0,0.9124,5.6,0.01533,15.8
VIE_170,VIE,03-2022,0,213.99,1192.22,9.91,0.0005,70.82650448,0.01,54.67,0.8777,7.42,0.13605,22.25
VIE_171,VIE,03-2022,0,115.55,502.53,8.07,0.000255,82.42610365,0.01,30.13,3.51,0.506,0.0118699999999999,18.05
VIE_172,VIE,03-2022,1,209.27,26.07,3.92,0.000255,41.94390716,0.01,50.72,2.055,2.72,0.2425699999999999,15.25
VIE_173,VIE,03-2022,1,123.7,15.27,5.09,0.000255,29.05067351,0.01,30.09,0.8393,5.1,0.01082,12.35
VIE_174,VIE,04-2022,1,58.04,1325.73,6.88,0.002797615,0.0,0.01,58.32,1.132,7.58,0.01703,11.6
VIE_175,VIE,04-2022,1,50.79,1599.65,6.95,0.003124707,0.0,0.01,81.13,1.126,7.8,0.01533,12.0
VIE_176,VIE,04-2022,0,76.78,882.59,5.69,0.003444,0.0,0.01,57.62,1.38,7.13,0.00937,11.05
VIE_177,VIE,04-2022,1,76.07,1286.89,8.2,0.011668,1.058974359,0.01,66.01,1.035,7.37,0.0068099999999999,12.4
VIE_178,VIE,04-2022,1,53.88,362.49,5.34,0.008242719,2.996792816,0.01,64.18,1.048,7.69,0.02896,11.85
